concept	Code	Source	Description	QW	RTL	NS	LL	Votes	Concensus	Comment	agreement	Concept
HF_IsA	I110	ICD10	Hypertensive heart disease with heart failure	1	1	1	1	4	1		1	Heart Failure
HF_IsA	I130	ICD10	Hypertensive heart and chronic kidney disease with heart failure and stage 1 through stage 4 chronic kidney disease, or unspecified chronic kidney disease	1	1	1	1	4	1		1	Heart Failure
HF_IsA	I132	ICD10	Hypertensive heart and chronic kidney disease with heart failure and with stage 5 chronic kidney disease, or end stage renal disease	1	1	1	1	4	1		1	Heart Failure
HF_IsA	I50	ICD10	Heart failure	1	1	1	1	4	1		1	Heart Failure
HF_IsA	I500	ICD10	Congestive heart failure	1	1	1	1	4	1		1	Heart Failure
HF_IsA	I501	ICD10	Left ventricular failure, unspecified	1	1	1	1	4	1		1	Heart Failure
HF_IsA	I502	ICD10	Systolic (congestive) heart failure	1	1	1	1	4	1		1	Heart Failure
HF_IsA	I5020	ICD10	Unspecified systolic (congestive) heart failure	1	1	1	1	4	1		1	Heart Failure
HF_IsA	I5021	ICD10	Acute systolic (congestive) heart failure	1	1	1	1	4	1		1	Heart Failure
HF_IsA	I5022	ICD10	Chronic systolic (congestive) heart failure	1	1	1	1	4	1		1	Heart Failure
HF_IsA	I5023	ICD10	Acute on chronic systolic (congestive) heart failure	1	1	1	1	4	1		1	Heart Failure
HF_IsA	I503	ICD10	Diastolic (congestive) heart failure	1	1	1	1	4	1		1	Heart Failure
HF_IsA	I5030	ICD10	Unspecified diastolic (congestive) heart failure	1	1	1	1	4	1		1	Heart Failure
HF_IsA	I5031	ICD10	Acute diastolic (congestive) heart failure	1	0	1	1	3	1		0.75	Heart Failure
HF_IsA	I5032	ICD10	Chronic diastolic (congestive) heart failure	1	0	1	1	3	1		0.75	Heart Failure
HF_IsA	I5033	ICD10	Acute on chronic diastolic (congestive) heart failure	1	0	1	1	3	1		0.75	Heart Failure
HF_IsA	I504	ICD10	Combined systolic (congestive) and diastolic (congestive) heart failure	1	1	1	1	4	1		1	Heart Failure
HF_IsA	I5040	ICD10	Unspecified combined systolic (congestive) and diastolic (congestive) heart failure	1	1	1	1	4	1		1	Heart Failure
HF_IsA	I5041	ICD10	Acute combined systolic (congestive) and diastolic (congestive) heart failure	1	1	1	1	4	1		1	Heart Failure
HF_IsA	I5042	ICD10	Chronic combined systolic (congestive) and diastolic (congestive) heart failure	1	1	1	1	4	1		1	Heart Failure
HF_IsA	I5043	ICD10	Acute on chronic combined systolic (congestive) and diastolic (congestive) heart failure	1	1	1	1	4	1		1	Heart Failure
HF_IsA	I508	ICD10	Other heart failure	1	1	1	1	4	1		1	Heart Failure
HF_IsA	I5081	ICD10	Right heart failure	1	1	1	0	3	1		0.75	Heart Failure
HF_IsA	I50810	ICD10	Right heart failure, unspecified	1	1	1	0	3	1		0.75	Heart Failure
HF_IsA	I50811	ICD10	Acute right heart failure	1	1	1	0	3	1		0.75	Heart Failure
HF_IsA	I50812	ICD10	Chronic right heart failure	1	1	1	0	3	1		0.75	Heart Failure
HF_IsA	I50813	ICD10	Acute on chronic right heart failure	1	1	1	0	3	1		0.75	Heart Failure
HF_IsA	I50814	ICD10	Right heart failure due to left heart failure	1	1	1	1	4	1		1	Heart Failure
HF_IsA	I5082	ICD10	Biventricular heart failure	1	1	1	1	4	1		1	Heart Failure
HF_IsA	I5083	ICD10	High output heart failure	1	1	1	1	4	1		1	Heart Failure
HF_IsA	I5084	ICD10	End stage heart failure	1	1	1	1	4	1		1	Heart Failure
HF_IsA	I5089	ICD10	Other heart failure	1	1	1	1	4	1		1	Heart Failure
HF_IsA	I509	ICD10	Heart failure, unspecified	1	1	1	1	4	1		1	Heart Failure
HF_IsA	I9711	ICD10	Postprocedural cardiac insufficiency	1	1	1	0	3	1		0.75	Heart Failure
HF_IsA	I97110	ICD10	Postprocedural cardiac insufficiency following cardiac surgery	1	1	1	0	3	1		0.75	Heart Failure
HF_IsA	I97111	ICD10	Postprocedural cardiac insufficiency following other surgery	1	1	1	0	3	1		0.75	Heart Failure
HF_IsA	I9713	ICD10	Postprocedural heart failure	1	1	1	1	4	1		1	Heart Failure
HF_IsA	I97130	ICD10	Postprocedural heart failure following cardiac surgery	1	1	1	0	3	1		0.75	Heart Failure
HF_IsA	I97131	ICD10	Postprocedural heart failure following other surgery	1	1	1	0	3	1		0.75	Heart Failure
HF_IsA	O2912	ICD10	Cardiac failure due to anesthesia during pregnancy	1	1	1	0	3	1		0.75	Heart Failure
HF_IsA	O29121	ICD10	Cardiac failure due to anesthesia during pregnancy, first trimester	1	1	1	0	3	1		0.75	Heart Failure
HF_IsA	O29122	ICD10	Cardiac failure due to anesthesia during pregnancy, second trimester	1	1	1	0	3	1		0.75	Heart Failure
HF_IsA	O29123	ICD10	Cardiac failure due to anesthesia during pregnancy, third trimester	1	1	1	0	3	1		0.75	Heart Failure
HF_IsA	O29129	ICD10	Cardiac failure due to anesthesia during pregnancy, unspecified trimester	1	1	1	0	3	1		0.75	Heart Failure
HF_IsA	P290	ICD10	Neonatal cardiac failure	1	1	1	0	3	1		0.75	Heart Failure
HF_IsA	39891	ICD9	Rheumatic heart failure (congestive)	1	1	1	0	3	1		0.75	Heart Failure
HF_IsA	40201	ICD9	Malignant hypertensive heart disease with heart failure	1	1	1	1	4	1		1	Heart Failure
HF_IsA	40211	ICD9	Benign hypertensive heart disease with heart failure	1	1	1	1	4	1		1	Heart Failure
HF_IsA	40291	ICD9	Unspecified hypertensive heart disease with heart failure	1	1	1	1	4	1		1	Heart Failure
HF_IsA	40401	ICD9	Hypertensive heart and chronic kidney disease, malignant, with heart failure and with chronic kidney disease stage I through stage IV, or unspecified	1	1	1	1	4	1		1	Heart Failure
HF_IsA	40403	ICD9	Hypertensive heart and chronic kidney disease, malignant, with heart failure and with chronic kidney disease stage V or end stage renal disease	1	1	1	1	4	1		1	Heart Failure
HF_IsA	40411	ICD9	Hypertensive heart and chronic kidney disease, benign, with heart failure and with chronic kidney disease stage I through stage IV, or unspecified	1	1	1	1	4	1		1	Heart Failure
HF_IsA	40413	ICD9	Hypertensive heart and chronic kidney disease, benign, with heart failure and chronic kidney disease stage V or end stage renal disease	1	1	1	1	4	1		1	Heart Failure
HF_IsA	40491	ICD9	Hypertensive heart and chronic kidney disease, unspecified, with heart failure and with chronic kidney disease stage I through stage IV, or unspecified	1	1	1	1	4	1		1	Heart Failure
HF_IsA	40493	ICD9	Hypertensive heart and chronic kidney disease, unspecified, with heart failure and chronic kidney disease stage V or end stage renal disease	1	1	1	1	4	1		1	Heart Failure
HF_IsA	4280	ICD9	Congestive heart failure, unspecified	1	1	1	1	4	1		1	Heart Failure
HF_IsA	4281	ICD9	Left heart failure	1	1	1	1	4	1		1	Heart Failure
HF_IsA	42820	ICD9	Systolic heart failure, unspecified	1	1	1	1	4	1		1	Heart Failure
HF_IsA	42821	ICD9	Acute systolic heart failure	1	1	1	1	4	1		1	Heart Failure
HF_IsA	42822	ICD9	Chronic systolic heart failure	1	1	1	1	4	1		1	Heart Failure
HF_IsA	42823	ICD9	Acute on chronic systolic heart failure	1	1	1	1	4	1		1	Heart Failure
HF_IsA	42830	ICD9	Diastolic heart failure, unspecified	1	1	1	1	4	1		1	Heart Failure
HF_IsA	42831	ICD9	Acute diastolic heart failure	1	1	1	1	4	1		1	Heart Failure
HF_IsA	42832	ICD9	Chronic diastolic heart failure	1	1	1	1	4	1		1	Heart Failure
HF_IsA	42833	ICD9	Acute on chronic diastolic heart failure	1	1	1	1	4	1		1	Heart Failure
HF_IsA	42840	ICD9	Combined systolic and diastolic heart failure, unspecified	1	1	1	1	4	1		1	Heart Failure
HF_IsA	42841	ICD9	Acute combined systolic and diastolic heart failure	1	1	1	1	4	1		1	Heart Failure
HF_IsA	42842	ICD9	Chronic combined systolic and diastolic heart failure	1	1	1	1	4	1		1	Heart Failure
HF_IsA	42843	ICD9	Acute on chronic combined systolic and diastolic heart failure	1	1	1	1	4	1		1	Heart Failure
HF_IsA	4289	ICD9	Heart failure, unspecified	1	1	1	1	4	1		1	Heart Failure
Myocardial_infarction	I21	ICD10	Acute myocardial infarction	0	0	0	1	1	1		0.25	Myocardial infarction
Myocardial_infarction	I210	ICD10	ST elevation (STEMI) myocardial infarction of anterior wall	1	1	1	1	4	1		1	Myocardial infarction
Myocardial_infarction	I2101	ICD10	ST elevation (STEMI) myocardial infarction involving left main coronary artery	1	1	1	1	4	1		1	Myocardial infarction
Myocardial_infarction	I2102	ICD10	ST elevation (STEMI) myocardial infarction involving left anterior descending coronary artery	1	1	1	1	4	1		1	Myocardial infarction
Myocardial_infarction	I2109	ICD10	ST elevation (STEMI) myocardial infarction involving other coronary artery of anterior wall	1	1	1	1	4	1		1	Myocardial infarction
Myocardial_infarction	I211	ICD10	ST elevation (STEMI) myocardial infarction of inferior wall	1	1	1	1	4	1		1	Myocardial infarction
Myocardial_infarction	I2111	ICD10	ST elevation (STEMI) myocardial infarction involving right coronary artery	1	1	1	1	4	1		1	Myocardial infarction
Myocardial_infarction	I2119	ICD10	ST elevation (STEMI) myocardial infarction involving other coronary artery of inferior wall	1	1	1	1	4	1		1	Myocardial infarction
Myocardial_infarction	I212	ICD10	ST elevation (STEMI) myocardial infarction of other sites	1	1	1	1	4	1		1	Myocardial infarction
Myocardial_infarction	I2121	ICD10	ST elevation (STEMI) myocardial infarction involving left circumflex coronary artery	1	1	1	1	4	1		1	Myocardial infarction
Myocardial_infarction	I2129	ICD10	ST elevation (STEMI) myocardial infarction involving other sites	1	1	1	1	4	1		1	Myocardial infarction
Myocardial_infarction	I213	ICD10	ST elevation (STEMI) myocardial infarction of unspecified site	1	1	1	1	4	1		1	Myocardial infarction
Myocardial_infarction	I214	ICD10	Non-ST elevation (NSTEMI) myocardial infarction	1	1	1	1	4	1		1	Myocardial infarction
Myocardial_infarction	I219	ICD10	Acute myocardial infarction, unspecified	1	1	1	1	4	1		1	Myocardial infarction
Myocardial_infarction	I21A	ICD10	Other type of myocardial infarction	1	1	1	1	4	1		1	Myocardial infarction
Myocardial_infarction	I21A1	ICD10	Myocardial infarction type 2	0	1	1	0	2	1	Is this what we want?   I think we could refer to universal definiion/subtypes of MI here if needed.	0.5	Myocardial infarction
Myocardial_infarction	I21A9	ICD10	Other myocardial infarction type	0	1	1	0	2	1		0.5	Myocardial infarction
Myocardial_infarction	I21B	ICD10	Myocardial infarction with coronary microvascular dysfunction	0	0	0	1	1	1		0.25	Myocardial infarction
Myocardial_infarction	I22	ICD10	Subsequent ST elevation (STEMI) and non-ST elevation (NSTEMI) myocardial infarction	1	1	1	1	4	1		1	Myocardial infarction
Myocardial_infarction	I220	ICD10	Subsequent ST elevation (STEMI) myocardial infarction of anterior wall	1	1	1	1	4	1		1	Myocardial infarction
Myocardial_infarction	I221	ICD10	Subsequent ST elevation (STEMI) myocardial infarction of inferior wall	1	1	1	1	4	1		1	Myocardial infarction
Myocardial_infarction	I222	ICD10	Subsequent non-ST elevation (NSTEMI) myocardial infarction	1	1	1	1	4	1		1	Myocardial infarction
Myocardial_infarction	I228	ICD10	Subsequent ST elevation (STEMI) myocardial infarction of other sites	1	1	1	1	4	1		1	Myocardial infarction
Myocardial_infarction	I229	ICD10	Subsequent ST elevation (STEMI) myocardial infarction of unspecified site	1	1	1	1	4	1		1	Myocardial infarction
Myocardial_infarction	I23	ICD10	Certain current complications following ST elevation (STEMI) and non-ST elevation (NSTEMI) myocardial infarction (within the 28 day period)	1	1	1	1	4	1		1	Myocardial infarction
Myocardial_infarction	I230	ICD10	Hemopericardium as current complication following acute myocardial infarction	1	1	1	1	4	1		1	Myocardial infarction
Myocardial_infarction	I231	ICD10	Atrial septal defect as current complication following acute myocardial infarction	1	1	1	1	4	1		1	Myocardial infarction
Myocardial_infarction	I232	ICD10	Ventricular septal defect as current complication following acute myocardial infarction	1	1	1	1	4	1		1	Myocardial infarction
Myocardial_infarction	I233	ICD10	Rupture of cardiac wall without hemopericardium as current complication following acute myocardial infarction	1	1	1	1	4	1		1	Myocardial infarction
Myocardial_infarction	I234	ICD10	Rupture of chordae tendineae as current complication following acute myocardial infarction	1	1	1	1	4	1		1	Myocardial infarction
Myocardial_infarction	I235	ICD10	Rupture of papillary muscle as current complication following acute myocardial infarction	1	1	1	1	4	1		1	Myocardial infarction
Myocardial_infarction	I236	ICD10	Thrombosis of atrium, auricular appendage, and ventricle as current complications following acute myocardial infarction	1	1	1	1	4	1		1	Myocardial infarction
Myocardial_infarction	I238	ICD10	Other current complications following acute myocardial infarction	1	1	1	1	4	1		1	Myocardial infarction
Myocardial_infarction	I241	ICD10	Dressler's syndrome	1	1	1	1	4	1		1	Myocardial infarction
Myocardial_infarction	I252	ICD10	Old myocardial infarction	1	1	1	0	3	1		0.75	Myocardial infarction
Myocardial_infarction	41000	ICD9	Acute myocardial infarction of anterolateral wall, episode of care unspecified	1	1	1	1	4	1		1	Myocardial infarction
Myocardial_infarction	41001	ICD9	Acute myocardial infarction of anterolateral wall, initial episode of care	1	1	1	1	4	1		1	Myocardial infarction
Myocardial_infarction	41002	ICD9	Acute myocardial infarction of anterolateral wall, subsequent episode of care	1	1	1	1	4	1		1	Myocardial infarction
Myocardial_infarction	41010	ICD9	Acute myocardial infarction of other anterior wall, episode of care unspecified	1	1	1	1	4	1		1	Myocardial infarction
Myocardial_infarction	41011	ICD9	Acute myocardial infarction of other anterior wall, initial episode of care	1	1	1	1	4	1		1	Myocardial infarction
Myocardial_infarction	41012	ICD9	Acute myocardial infarction of other anterior wall, subsequent episode of care	1	1	1	1	4	1		1	Myocardial infarction
Myocardial_infarction	41020	ICD9	Acute myocardial infarction of inferolateral wall, episode of care unspecified	1	1	1	1	4	1		1	Myocardial infarction
Myocardial_infarction	41021	ICD9	Acute myocardial infarction of inferolateral wall, initial episode of care	1	1	1	1	4	1		1	Myocardial infarction
Myocardial_infarction	41022	ICD9	Acute myocardial infarction of inferolateral wall, subsequent episode of care	1	1	1	1	4	1		1	Myocardial infarction
Myocardial_infarction	41030	ICD9	Acute myocardial infarction of inferoposterior wall, episode of care unspecified	1	1	1	1	4	1		1	Myocardial infarction
Myocardial_infarction	41031	ICD9	Acute myocardial infarction of inferoposterior wall, initial episode of care	1	1	1	1	4	1		1	Myocardial infarction
Myocardial_infarction	41032	ICD9	Acute myocardial infarction of inferoposterior wall, subsequent episode of care	1	1	1	1	4	1		1	Myocardial infarction
Myocardial_infarction	41040	ICD9	Acute myocardial infarction of other inferior wall, episode of care unspecified	1	1	1	1	4	1		1	Myocardial infarction
Myocardial_infarction	41041	ICD9	Acute myocardial infarction of other inferior wall, initial episode of care	1	1	1	1	4	1		1	Myocardial infarction
Myocardial_infarction	41042	ICD9	Acute myocardial infarction of other inferior wall, subsequent episode of care	1	1	1	1	4	1		1	Myocardial infarction
Myocardial_infarction	41050	ICD9	Acute myocardial infarction of other lateral wall, episode of care unspecified	1	1	1	1	4	1		1	Myocardial infarction
Myocardial_infarction	41051	ICD9	Acute myocardial infarction of other lateral wall, initial episode of care	1	1	1	1	4	1		1	Myocardial infarction
Myocardial_infarction	41052	ICD9	Acute myocardial infarction of other lateral wall, subsequent episode of care	1	1	1	1	4	1		1	Myocardial infarction
Myocardial_infarction	41080	ICD9	Acute myocardial infarction of other specified sites, episode of care unspecified	1	1	1	1	4	1		1	Myocardial infarction
Myocardial_infarction	41081	ICD9	Acute myocardial infarction of other specified sites, initial episode of care	1	1	1	1	4	1		1	Myocardial infarction
Myocardial_infarction	41082	ICD9	Acute myocardial infarction of other specified sites, subsequent episode of care	1	1	1	1	4	1		1	Myocardial infarction
Myocardial_infarction	41090	ICD9	Acute myocardial infarction of unspecified site, episode of care unspecified	1	1	1	1	4	1		1	Myocardial infarction
Myocardial_infarction	41091	ICD9	Acute myocardial infarction of unspecified site, initial episode of care	1	1	1	1	4	1		1	Myocardial infarction
Myocardial_infarction	41092	ICD9	Acute myocardial infarction of unspecified site, subsequent episode of care	1	1	1	1	4	1		1	Myocardial infarction
Myocardial_infarction	4110	ICD9	Postmyocardial infarction syndrome	1	0	0	1	2	1		0.5	Myocardial infarction
Myocardial_infarction	412	ICD9	Old myocardial infarction	1	1	1	0	3	1		0.75	Myocardial infarction
Myocardial_infarction	42979	ICD9	Certain sequelae of myocardial infarction, not elsewhere classified, other	1	1	1	0	3	1		0.75	Myocardial infarction
Coronary_artery_bypass_grafting	K40	OPCS4	Saphenous vein graft replacement of coronary artery	1	1	1	1	4	1		1	Coronary artery bypass grafting
Coronary_artery_bypass_grafting	K401	OPCS4	Saphenous vein graft replacement of one coronary artery	1	1	1	1	4	1		1	Coronary artery bypass grafting
Coronary_artery_bypass_grafting	K402	OPCS4	Saphenous vein graft replacement of two coronary arteries	1	1	1	1	4	1		1	Coronary artery bypass grafting
Coronary_artery_bypass_grafting	K403	OPCS4	Saphenous vein graft replacement of three coronary arteries	1	1	1	1	4	1		1	Coronary artery bypass grafting
Coronary_artery_bypass_grafting	K404	OPCS4	Saphenous vein graft replacement of four or more coronary arteries	1	1	1	1	4	1		1	Coronary artery bypass grafting
Coronary_artery_bypass_grafting	K408	OPCS4	Other specified saphenous vein graft replacement of coronary artery	1	1	1	1	4	1		1	Coronary artery bypass grafting
Coronary_artery_bypass_grafting	K409	OPCS4	Unspecified saphenous vein graft replacement of coronary artery	1	1	1	1	4	1		1	Coronary artery bypass grafting
Coronary_artery_bypass_grafting	K41	OPCS4	Other autograft replacement of coronary artery	1	1	1	1	4	1		1	Coronary artery bypass grafting
Coronary_artery_bypass_grafting	K411	OPCS4	Autograft replacement of one coronary artery NEC	1	1	1	1	4	1		1	Coronary artery bypass grafting
Coronary_artery_bypass_grafting	K412	OPCS4	Autograft replacement of two coronary arteries NEC	1	1	1	1	4	1		1	Coronary artery bypass grafting
Coronary_artery_bypass_grafting	K413	OPCS4	Autograft replacement of three coronary arteries NEC	1	1	1	1	4	1		1	Coronary artery bypass grafting
Coronary_artery_bypass_grafting	K414	OPCS4	Autograft replacement of four or more coronary arteries NEC	1	1	1	1	4	1		1	Coronary artery bypass grafting
Coronary_artery_bypass_grafting	K418	OPCS4	Other specified other autograft replacement of coronary artery	1	1	1	1	4	1		1	Coronary artery bypass grafting
Coronary_artery_bypass_grafting	K419	OPCS4	Unspecified other autograft replacement of coronary artery	1	1	1	1	4	1		1	Coronary artery bypass grafting
Coronary_artery_bypass_grafting	K42	OPCS4	Allograft replacement of coronary artery	1	1	1	1	4	1		1	Coronary artery bypass grafting
Coronary_artery_bypass_grafting	K421	OPCS4	Allograft replacement of one coronary artery	1	1	1	1	4	1		1	Coronary artery bypass grafting
Coronary_artery_bypass_grafting	K422	OPCS4	Allograft replacement of two coronary arteries	1	1	1	1	4	1		1	Coronary artery bypass grafting
Coronary_artery_bypass_grafting	K423	OPCS4	Allograft replacement of three coronary arteries	1	1	1	1	4	1		1	Coronary artery bypass grafting
Coronary_artery_bypass_grafting	K424	OPCS4	Allograft replacement of four or more coronary arteries	1	1	1	1	4	1		1	Coronary artery bypass grafting
Coronary_artery_bypass_grafting	K428	OPCS4	Other specified allograft replacement of coronary artery	1	1	1	1	4	1		1	Coronary artery bypass grafting
Coronary_artery_bypass_grafting	K429	OPCS4	Unspecified allograft replacement of coronary artery	1	1	1	1	4	1		1	Coronary artery bypass grafting
Coronary_artery_bypass_grafting	K43	OPCS4	Prosthetic replacement of coronary artery	1	1	1	1	4	1		1	Coronary artery bypass grafting
Coronary_artery_bypass_grafting	K431	OPCS4	Prosthetic replacement of one coronary artery	1	1	1	1	4	1		1	Coronary artery bypass grafting
Coronary_artery_bypass_grafting	K432	OPCS4	Prosthetic replacement of two coronary arteries	1	1	1	1	4	1		1	Coronary artery bypass grafting
Coronary_artery_bypass_grafting	K433	OPCS4	Prosthetic replacement of three coronary arteries	1	1	1	1	4	1		1	Coronary artery bypass grafting
Coronary_artery_bypass_grafting	K434	OPCS4	Prosthetic replacement of four or more coronary arteries	1	1	1	1	4	1		1	Coronary artery bypass grafting
Coronary_artery_bypass_grafting	K438	OPCS4	Other specified prosthetic replacement of coronary artery	1	1	1	1	4	1		1	Coronary artery bypass grafting
Coronary_artery_bypass_grafting	K439	OPCS4	Unspecified prosthetic replacement of coronary artery	1	1	1	1	4	1		1	Coronary artery bypass grafting
Coronary_artery_bypass_grafting	K44	OPCS4	Other replacement of coronary artery	1	1	1	1	4	1		1	Coronary artery bypass grafting
Coronary_artery_bypass_grafting	K441	OPCS4	Replacement of coronary arteries using multiple methods	1	1	1	1	4	1		1	Coronary artery bypass grafting
Coronary_artery_bypass_grafting	K442	OPCS4	Revision of replacement of coronary artery	1	1	1	1	4	1		1	Coronary artery bypass grafting
Coronary_artery_bypass_grafting	K448	OPCS4	Other specified other replacement of coronary artery	1	1	1	1	4	1		1	Coronary artery bypass grafting
Coronary_artery_bypass_grafting	K449	OPCS4	Unspecified other replacement of coronary artery	1	1	1	1	4	1		1	Coronary artery bypass grafting
Coronary_artery_bypass_grafting	K45	OPCS4	Connection of thoracic artery to coronary artery	1	1	1	1	4	1		1	Coronary artery bypass grafting
Coronary_artery_bypass_grafting	K451	OPCS4	Double anastomosis of mammary arteries to coronary arteries	1	1	1	1	4	1		1	Coronary artery bypass grafting
Coronary_artery_bypass_grafting	K452	OPCS4	Double anastomosis of thoracic arteries to coronary arteries NEC	1	1	1	1	4	1		1	Coronary artery bypass grafting
Coronary_artery_bypass_grafting	K453	OPCS4	Anastomosis of mammary artery to left anterior descending coronary artery	1	1	1	1	4	1		1	Coronary artery bypass grafting
Coronary_artery_bypass_grafting	K454	OPCS4	Anastomosis of mammary artery to coronary artery NEC	1	1	1	1	4	1		1	Coronary artery bypass grafting
Coronary_artery_bypass_grafting	K455	OPCS4	Anastomosis of thoracic artery to coronary artery NEC	1	1	1	1	4	1		1	Coronary artery bypass grafting
Coronary_artery_bypass_grafting	K456	OPCS4	Revision of connection of thoracic artery to coronary artery	1	1	1	1	4	1		1	Coronary artery bypass grafting
Coronary_artery_bypass_grafting	K458	OPCS4	Other specified connection of thoracic artery to coronary artery	1	1	1	1	4	1		1	Coronary artery bypass grafting
Coronary_artery_bypass_grafting	K459	OPCS4	Unspecified connection of thoracic artery to coronary artery	1	1	1	1	4	1		1	Coronary artery bypass grafting
Coronary_artery_bypass_grafting	K46	OPCS4	Other bypass of coronary artery	1	1	1	1	4	1		1	Coronary artery bypass grafting
Coronary_artery_bypass_grafting	K461	OPCS4	Double implantation of mammary arteries into heart	1	1	1	1	4	1	RTL consensus proposal	1	Coronary artery bypass grafting
Coronary_artery_bypass_grafting	K462	OPCS4	Double implantation of thoracic arteries into heart NEC	1	1	1	1	4	1	RTL consensus proposal	1	Coronary artery bypass grafting
Coronary_artery_bypass_grafting	K463	OPCS4	Implantation of mammary artery into heart NEC	1	1	1	1	4	1	RTL consensus proposal	1	Coronary artery bypass grafting
Coronary_artery_bypass_grafting	K464	OPCS4	Implantation of thoracic artery into heart NEC	1	1	1	1	4	1	RTL consensus proposal	1	Coronary artery bypass grafting
Coronary_artery_bypass_grafting	K465	OPCS4	Revision of implantation of thoracic artery into heart	1	1	1	1	4	1	RTL consensus proposal	1	Coronary artery bypass grafting
Coronary_artery_bypass_grafting	K468	OPCS4	Other specified other bypass of coronary artery	0	1	1	1	3	1		0.75	Coronary artery bypass grafting
Coronary_artery_bypass_grafting	K469	OPCS4	Unspecified other bypass of coronary artery	1	1	1	1	4	1		1	Coronary artery bypass grafting
Coronary_artery_bypass_grafting	33510	CPT4	Coronary artery bypass, vein only; single coronary venous graft	1	1	1	1	4	1		1	Coronary artery bypass grafting
Coronary_artery_bypass_grafting	33511	CPT4	Coronary artery bypass, vein only; 2 coronary venous grafts	1	1	1	1	4	1		1	Coronary artery bypass grafting
Coronary_artery_bypass_grafting	33512	CPT4	Coronary artery bypass, vein only; 3 coronary venous grafts	1	1	1	1	4	1		1	Coronary artery bypass grafting
Coronary_artery_bypass_grafting	33513	CPT4	Coronary artery bypass, vein only; 4 coronary venous grafts	1	1	1	1	4	1		1	Coronary artery bypass grafting
Coronary_artery_bypass_grafting	33514	CPT4	Coronary artery bypass, vein only; 5 coronary venous grafts	1	1	1	1	4	1		1	Coronary artery bypass grafting
Coronary_artery_bypass_grafting	33516	CPT4	Coronary artery bypass, vein only; 6 or more coronary venous grafts	1	1	1	1	4	1		1	Coronary artery bypass grafting
Coronary_artery_bypass_grafting	35600	CPT4	Harvest of upper extremity artery, 1 segment, for coronary artery bypass procedure, open	1	1	1	1	4	1		1	Coronary artery bypass grafting
Coronary_artery_bypass_grafting	33533	CPT4	Coronary artery bypass, using arterial graft(s); single arterial graft	1	1	1	1	4	1		1	Coronary artery bypass grafting
Coronary_artery_bypass_grafting	33534	CPT4	Coronary artery bypass, using arterial graft(s); 2 coronary arterial grafts	1	1	1	1	4	1		1	Coronary artery bypass grafting
Coronary_artery_bypass_grafting	33535	CPT4	Coronary artery bypass, using arterial graft(s); 3 coronary arterial grafts	1	1	1	1	4	1		1	Coronary artery bypass grafting
Coronary_artery_bypass_grafting	33536	CPT4	Coronary artery bypass, using arterial graft(s);  4 or more coronary arterial grafts	1	1	1	1	4	1		1	Coronary artery bypass grafting
Coronary_artery_bypass_grafting	1006199	CPT4	Venous Grafting Only for Coronary Artery Bypass | [Therapeutic or Preventive Procedure]	1	1	0	0	2	1		0.5	Coronary artery bypass grafting
Coronary_artery_bypass_grafting	1006200	CPT4	Coronary artery bypass, vein only | [Therapeutic or Preventive Procedure]	1	1	0	0	2	1		0.5	Coronary artery bypass grafting
Coronary_artery_bypass_grafting	1006208	CPT4	Coronary artery bypass, using venous graft(s) and arterial graft(s) | [Therapeutic or Preventive Procedure]	1	1	0	0	2	1		0.5	Coronary artery bypass grafting
Coronary_artery_bypass_grafting	1006216	CPT4	Arterial Grafting for Coronary Artery Bypass | [Therapeutic or Preventive Procedure]	1	1	0	0	2	1		0.5	Coronary artery bypass grafting
Coronary_artery_bypass_grafting	1006217	CPT4	Coronary artery bypass, using arterial graft(s) | [Therapeutic or Preventive Procedure]	1	1	0	0	2	1		0.5	Coronary artery bypass grafting
Coronary_artery_bypass_grafting	4110F	CPT4	Internal mammary artery graft performed for primary, isolated coronary artery bypass graft procedure (CABG) | [Therapeutic or Preventive Procedure]	1	1	0	0	2	1		0.5	Coronary artery bypass grafting
Coronary_artery_bypass_grafting	33523	CPT4	Coronary artery bypass using vein or artery graft, 6 or more grafts	1	1	0	0	2	1		0.5	Coronary artery bypass grafting
Coronary_artery_bypass_grafting	33522	CPT4	Coronary artery bypass using vein or artery graft, 5 grafts	1	1	0	0	2	1		0.5	Coronary artery bypass grafting
Coronary_artery_bypass_grafting	33521	CPT4	Coronary artery bypass using vein or artery graft, 4 grafts	1	1	0	0	2	1		0.5	Coronary artery bypass grafting
Coronary_artery_bypass_grafting	33519	CPT4	Coronary artery bypass using vein or artery graft, 3 grafts	1	1	0	0	2	1		0.5	Coronary artery bypass grafting
Coronary_artery_bypass_grafting	33518	CPT4	Coronary artery bypass using vein or artery graft, 2 grafts	1	1	0	0	2	1		0.5	Coronary artery bypass grafting
Coronary_artery_bypass_grafting	33517	CPT4	Coronary artery bypass using vein or artery graft, 1 graft	1	1	0	0	2	1		0.5	Coronary artery bypass grafting
Coronary_artery_bypass_grafting	3617	ICD9_procedures	Abdominal-coronary artery bypass	0	0	1	0	1	1		0.25	Coronary artery bypass grafting
Coronary_artery_bypass_grafting	3616	ICD9_procedures	Double internal mammary-coronary artery bypass	0	0	1	0	1	1		0.25	Coronary artery bypass grafting
Coronary_artery_bypass_grafting	3615	ICD9_procedures	Single internal mammary-coronary artery bypass	0	0	1	0	1	1		0.25	Coronary artery bypass grafting
Coronary_artery_bypass_grafting	3614	ICD9_procedures	(Aorto)coronary bypass of four or more coronary arteries	0	0	1	0	1	1		0.25	Coronary artery bypass grafting
Coronary_artery_bypass_grafting	3613	ICD9_procedures	(Aorto)coronary bypass of three coronary arteries	0	0	1	0	1	1		0.25	Coronary artery bypass grafting
Coronary_artery_bypass_grafting	3612	ICD9_procedures	(Aorto)coronary bypass of two coronary arteries	0	0	1	0	1	1		0.25	Coronary artery bypass grafting
Coronary_artery_bypass_grafting	3611	ICD9_procedures	(Aorto)coronary bypass of one coronary artery	0	0	1	0	1	1		0.25	Coronary artery bypass grafting
Coronary_artery_bypass_grafting	3610	ICD9_procedures	Aortocoronary bypass for heart revascularization, not otherwise specified	0	0	1	0	1	1		0.25	Coronary artery bypass grafting
Percutaneous_coronary_intervent	K49	OPCS4	Transluminal balloon angioplasty of coronary artery	1	1	1	1	4	1		1	Percutaneous coronary intervention
Percutaneous_coronary_intervent	K491	OPCS4	Percutaneous transluminal balloon angioplasty of one coronary artery	1	1	1	1	4	1		1	Percutaneous coronary intervention
Percutaneous_coronary_intervent	K492	OPCS4	Percutaneous transluminal balloon angioplasty of multiple coronary arteries	1	1	1	1	4	1		1	Percutaneous coronary intervention
Percutaneous_coronary_intervent	K493	OPCS4	Percutaneous transluminal balloon angioplasty of bypass graft of coronary artery	1	1	1	1	4	1		1	Percutaneous coronary intervention
Percutaneous_coronary_intervent	K494	OPCS4	Percutaneous transluminal cutting balloon angioplasty of coronary artery	1	1	1	1	4	1		1	Percutaneous coronary intervention
Percutaneous_coronary_intervent	K498	OPCS4	Other specified transluminal balloon angioplasty of coronary artery	1	1	1	1	4	1		1	Percutaneous coronary intervention
Percutaneous_coronary_intervent	K499	OPCS4	Unspecified transluminal balloon angioplasty of coronary artery	1	1	1	1	4	1		1	Percutaneous coronary intervention
Percutaneous_coronary_intervent	K50	OPCS4	Other therapeutic transluminal operations on coronary artery	1	1	1	1	4	1		1	Percutaneous coronary intervention
Percutaneous_coronary_intervent	K501	OPCS4	Percutaneous transluminal laser coronary angioplasty	1	1	1	1	4	1		1	Percutaneous coronary intervention
Percutaneous_coronary_intervent	K502	OPCS4	Percutaneous transluminal coronary thrombolysis using streptokinase	1	1	1	0	3	1		0.75	Percutaneous coronary intervention
Percutaneous_coronary_intervent	K503	OPCS4	Percutaneous transluminal injection of therapeutic substance into coronary artery NEC	1	1	1	1	4	1		1	Percutaneous coronary intervention
Percutaneous_coronary_intervent	K504	OPCS4	Percutaneous transluminal atherectomy of coronary artery	1	1	1	1	4	1		1	Percutaneous coronary intervention
Percutaneous_coronary_intervent	K508	OPCS4	Other specified other therapeutic transluminal operations on coronary artery	1	1	1	0	3	1		0.75	Percutaneous coronary intervention
Percutaneous_coronary_intervent	K509	OPCS4	Unspecified other therapeutic transluminal operations on coronary artery	1	1	1	0	3	1		0.75	Percutaneous coronary intervention
Percutaneous_coronary_intervent	K75	OPCS4	Percutaneous transluminal balloon angioplasty and insertion of stent into coronary artery	1	0	0	1	2	1		0.5	Percutaneous coronary intervention
Percutaneous_coronary_intervent	K751	OPCS4	Percutaneous transluminal balloon angioplasty and insertion of 1-2 drug-eluting stents into coronary artery	1	1	1	1	4	1		1	Percutaneous coronary intervention
Percutaneous_coronary_intervent	K752	OPCS4	Percutaneous transluminal balloon angioplasty and insertion of 3 or more drug-eluting stents into coronary artery	1	1	1	1	4	1		1	Percutaneous coronary intervention
Percutaneous_coronary_intervent	K753	OPCS4	Percutaneous transluminal balloon angioplasty and insertion of 1-2 stents into coronary artery	1	1	1	1	4	1		1	Percutaneous coronary intervention
Percutaneous_coronary_intervent	K754	OPCS4	Percutaneous transluminal balloon angioplasty and insertion of 3 or more stents into coronary artery NEC	1	1	1	1	4	1		1	Percutaneous coronary intervention
Percutaneous_coronary_intervent	K758	OPCS4	Other specified percutaneous transluminal balloon angioplasty and insertion of stent into coronary artery	1	1	1	1	4	1		1	Percutaneous coronary intervention
Percutaneous_coronary_intervent	K759	OPCS4	Unspecified percutaneous transluminal balloon angioplasty and insertion of stent into coronary artery	1	1	1	1	4	1		1	Percutaneous coronary intervention
Percutaneous_coronary_intervent	92944	CPT4	Percutaneous transluminal revascularization of chronic total occlusion, coronary artery, coronary artery branch, or coronary artery bypass graft, any combination of intracoronary stent, atherectomy and angioplasty; each additional coronary artery, coro... | [Therapeutic or Preventive Procedure]	1	1	0	0	2	1		0.5	Percutaneous coronary intervention
Percutaneous_coronary_intervent	92943	CPT4	Percutaneous transluminal revascularization of chronic total occlusion, coronary artery, coronary artery branch, or coronary artery bypass graft, any combination of intracoronary stent, atherectomy and angioplasty; single vessel | [Therapeutic or Preventive Procedure]	1	1	0	0	2	1		0.5	Percutaneous coronary intervention
Percutaneous_coronary_intervent	92941	CPT4	Percutaneous transluminal revascularization of acute total/subtotal occlusion during acute myocardial infarction, coronary artery or coronary artery bypass graft, any combination of intracoronary stent, atherectomy and angioplasty, including aspiration... | [Therapeutic or Preventive Procedure]	1	1	0	0	2	1		0.5	Percutaneous coronary intervention
Percutaneous_coronary_intervent	92938	CPT4	Percutaneous transluminal revascularization of or through coronary artery bypass graft (internal mammary, free arterial, venous), any combination of intracoronary stent, atherectomy and angioplasty, including distal protection when performed; each addi... | [Therapeutic or Preventive Procedure]	1	1	0	0	2	1		0.5	Percutaneous coronary intervention
Percutaneous_coronary_intervent	92937	CPT4	Percutaneous transluminal revascularization of or through coronary artery bypass graft (internal mammary, free arterial, venous), any combination of intracoronary stent, atherectomy and angioplasty, including distal protection when performed; single ve... | [Therapeutic or Preventive Procedure]	1	1	0	0	2	1		0.5	Percutaneous coronary intervention
Percutaneous_coronary_intervent	92934	CPT4	Percutaneous transluminal coronary atherectomy, with intracoronary stent, with coronary angioplasty when performed; each additional branch of a major coronary artery (List separately in addition to code for primary procedure) | [Therapeutic or Preventive Procedure]	1	1	0	0	2	1		0.5	Percutaneous coronary intervention
Percutaneous_coronary_intervent	92933	CPT4	Percutaneous transluminal coronary atherectomy, with intracoronary stent, with coronary angioplasty when performed; single major coronary artery or branch | [Therapeutic or Preventive Procedure]	1	1	0	0	2	1		0.5	Percutaneous coronary intervention
Percutaneous_coronary_intervent	92929	CPT4	Percutaneous transcatheter placement of intracoronary stent(s), with coronary angioplasty when performed; each additional branch of a major coronary artery (List separately in addition to code for primary procedure) | [Therapeutic or Preventive Procedure]	1	1	0	0	2	1		0.5	Percutaneous coronary intervention
Percutaneous_coronary_intervent	92928	CPT4	Percutaneous transcatheter placement of intracoronary stent(s), with coronary angioplasty when performed; single major coronary artery or branch | [Therapeutic or Preventive Procedure]	1	1	0	0	2	1		0.5	Percutaneous coronary intervention
Percutaneous_coronary_intervent	92924	CPT4	Percutaneous transluminal coronary atherectomy, with coronary angioplasty when performed; single major coronary artery or branch | [Therapeutic or Preventive Procedure]	1	1	0	0	2	1		0.5	Percutaneous coronary intervention
Percutaneous_coronary_intervent	92925	CPT4	Percutaneous transluminal coronary atherectomy, with coronary angioplasty when performed; each additional branch of a major coronary artery (List separately in addition to code for primary procedure) | [Therapeutic or Preventive Procedure]	1	1	0	0	2	1		0.5	Percutaneous coronary intervention
Percutaneous_coronary_intervent	92921	CPT4	Percutaneous transluminal coronary angioplasty; each additional branch of a major coronary artery (List separately in addition to code for primary procedure) | [Therapeutic or Preventive Procedure]	1	1	0	0	2	1		0.5	Percutaneous coronary intervention
Percutaneous_coronary_intervent	92920	CPT4	Percutaneous transluminal coronary angioplasty; single major coronary artery or branch | [Therapeutic or Preventive Procedure]	1	1	0	0	2	1		0.5	Percutaneous coronary intervention
Percutaneous_coronary_intervent	37247	CPT4	Transluminal balloon angioplasty (except lower extremity artery(ies) for occlusive disease, intracranial, coronary, pulmonary, or dialysis circuit), open or percutaneous, including all imaging and radiological supervision and interpretation necessary t... | [Therapeutic or Preventive Procedure]	0	0	0	0	0	1		0	Percutaneous coronary intervention
Percutaneous_coronary_intervent	37246	CPT4	Transluminal balloon angioplasty (except lower extremity artery(ies) for occlusive disease, intracranial, coronary, pulmonary, or dialysis circuit), open or percutaneous, including all imaging and radiological supervision and interpretation necessary t... | [Therapeutic or Preventive Procedure]	0	0	0	0	0	1		0	Percutaneous coronary intervention
Percutaneous_coronary_intervent	1029697	CPT4	Transluminal balloon angioplasty (except lower extremity artery(ies) for occlusive disease, intracranial, coronary, pulmonary, or dialysis circuit), open or percutaneous, including all imaging and radiological supervision and interpretation necessary t... | [Therapeutic or Preventive Procedure]	0	0	0	0	0	1		0	Percutaneous coronary intervention
Percutaneous_coronary_intervent	1021168	CPT4	Percutaneous transluminal revascularization of chronic total occlusion, coronary artery, coronary artery branch, or coronary artery bypass graft, any combination of intracoronary stent, atherectomy and angioplasty | [Therapeutic or Preventive Procedure]	1	1	0	0	2	1		0.5	Percutaneous coronary intervention
Percutaneous_coronary_intervent	1021167	CPT4	Percutaneous transluminal revascularization of or through coronary artery bypass graft (internal mammary, free arterial, venous), any combination of intracoronary stent, atherectomy and angioplasty, including distal protection when performed | [Therapeutic or Preventive Procedure]	1	1	0	0	2	1		0.5	Percutaneous coronary intervention
Percutaneous_coronary_intervent	1021166	CPT4	Percutaneous transluminal coronary atherectomy, with intracoronary stent, with coronary angioplasty when performed | [Therapeutic or Preventive Procedure]	1	1	0	0	2	1		0.5	Percutaneous coronary intervention
Percutaneous_coronary_intervent	1021165	CPT4	Percutaneous transcatheter placement of intracoronary stent(s), with coronary angioplasty when performed | [Therapeutic or Preventive Procedure]	1	1	0	0	2	1		0.5	Percutaneous coronary intervention
Percutaneous_coronary_intervent	1021164	CPT4	Percutaneous transluminal coronary atherectomy, with coronary angioplasty when performed | [Therapeutic or Preventive Procedure]	1	1	0	0	2	1		0.5	Percutaneous coronary intervention
Percutaneous_coronary_intervent	1021163	CPT4	Percutaneous transluminal coronary angioplasty | [Therapeutic or Preventive Procedure]	1	1	0	0	2	1		0.5	Percutaneous coronary intervention
Percutaneous_coronary_intervent	0715T	CPT4	Percutaneous transluminal coronary lithotripsy (List separately in addition to code for primary procedure) | [Therapeutic or Preventive Procedure]	1	1	0	0	2	1		0.5	Percutaneous coronary intervention
Percutaneous_coronary_intervent	0659T	CPT4	Transcatheter intracoronary infusion of supersaturated oxygen in conjunction with percutaneous coronary revascularization during acute myocardial infarction, including catheter placement, imaging guidance (eg, fluoroscopy), angiography, and radiologic... | [Therapeutic or Preventive Procedure]	1	1	0	0	2	1		0.5	Percutaneous coronary intervention
Percutaneous_coronary_intervent	0066	ICD9_procedures	Percutaneous transluminal coronary angioplasty [PTCA]	0	0	1	0	1	1		0.25	Percutaneous coronary intervention
Percutaneous_coronary_intervent	1755	ICD9_procedures	Transluminal coronary atherectomy	0	0	1	0	1	1		0.25	Percutaneous coronary intervention
Thrombolysis_coronary	K502	OPCS4	Percutaneous transluminal coronary thrombolysis using streptokinase	1	1	1	1	4	1		1	Thrombolysis (coronary)
Thrombolysis_coronary	92977	CPT4	Removal of heart artery blood clot by dissolving	1	1	1	0	3	1		0.75	Thrombolysis (coronary)
Thrombolysis_coronary	92975	CPT4	Removal of heart artery blood clot by dissolving using imaging guidance	1	1	1	0	3	1		0.75	Thrombolysis (coronary)
Thrombolysis_coronary	1012986	CPT4	Thrombolysis, coronary | [Therapeutic or Preventive Procedure]	1	1	1	0	3	1		0.75	Thrombolysis (coronary)
Congenital_heart_disease	V1365	ICD9	Personal history of (corrected) congenital malformations of heart and circulatory system	1	0	1	0	2	1		0.5	Congenital heart disease
Congenital_heart_disease	7469	ICD9	Unspecified congenital anomaly of heart	1	0	1	0	2	1		0.5	Congenital heart disease
Congenital_heart_disease	74689	ICD9	Other specified congenital anomalies of heart	1	0	1	0	2	1		0.5	Congenital heart disease
Congenital_heart_disease	74686	ICD9	Congenital heart block	1	0	1	0	2	1		0.5	Congenital heart disease
Congenital_heart_disease	74682	ICD9	Cor triatriatum	1	0	1	0	2	1		0.5	Congenital heart disease
Congenital_heart_disease	7464	ICD9	Congenital insufficiency of aortic valve	1	0	1	0	2	1		0.5	Congenital heart disease
Congenital_heart_disease	74600	ICD9	Congenital pulmonary valve anomaly, unspecified	1	0	1	0	2	1		0.5	Congenital heart disease
Congenital_heart_disease	7463	ICD9	Congenital stenosis of aortic valve	1	0	1	0	2	1		0.5	Congenital heart disease
Congenital_heart_disease	74609	ICD9	Other congenital anomalies of pulmonary valve	1	0	1	0	2	1		0.5	Congenital heart disease
Congenital_heart_disease	7455	ICD9	Ostium secundum type atrial septal defect	1	0	1	0	2	1		0.5	Congenital heart disease
Congenital_heart_disease	7454	ICD9	Ventricular septal defect	1	0	0	0	1	1		0.25	Congenital heart disease
Congenital_heart_disease	7452	ICD9	Tetralogy of fallot	1	0	1	0	2	1		0.5	Congenital heart disease
Congenital_heart_disease	74511	ICD9	Double outlet right ventricle	1	0	1	0	2	1		0.5	Congenital heart disease
Congenital_heart_disease	Z8774	ICD10	Personal history of (corrected) congenital malformations of heart and circulatory system	1	0	1	0	2	1		0.5	Congenital heart disease
Congenital_heart_disease	Z877	ICD10	Personal history of (corrected) congenital malformations	1	0	1	0	2	1		0.5	Congenital heart disease
Congenital_heart_disease	Q269	ICD10	Congenital malformation of great vein, unspecified	1	0	1	0	2	1		0.5	Congenital heart disease
Congenital_heart_disease	Q268	ICD10	Other congenital malformations of great veins	1	0	1	0	2	1		0.5	Congenital heart disease
Congenital_heart_disease	Q266	ICD10	Portal vein-hepatic artery fistula	1	0	1	0	2	1	HF from these abnormalities of venous return seems uncommon - but they are rare conditions and favor excluding to be conservative	0.5	Congenital heart disease
Congenital_heart_disease	Q265	ICD10	Anomalous portal venous connection	1	0	1	0	2	1		0.5	Congenital heart disease
Congenital_heart_disease	Q264	ICD10	Anomalous pulmonary venous connection, unspecified	1	0	1	0	2	1		0.5	Congenital heart disease
Congenital_heart_disease	Q263	ICD10	Partial anomalous pulmonary venous connection	1	0	1	0	2	1		0.5	Congenital heart disease
Congenital_heart_disease	Q262	ICD10	Total anomalous pulmonary venous connection	1	0	1	0	2	1		0.5	Congenital heart disease
Congenital_heart_disease	Q261	ICD10	Persistent left superior vena cava	1	0	1	0	2	1		0.5	Congenital heart disease
Congenital_heart_disease	Q260	ICD10	Congenital stenosis of vena cava	1	0	1	0	2	1		0.5	Congenital heart disease
Congenital_heart_disease	Q259	ICD10	Congenital malformation of great arteries, unspecified	1	0	1	0	2	1		0.5	Congenital heart disease
Congenital_heart_disease	Q258	ICD10	Other congenital malformations of other great arteries	1	0	1	0	2	1		0.5	Congenital heart disease
Congenital_heart_disease	Q2579	ICD10	Other congenital malformations of pulmonary artery	1	0	1	0	2	1		0.5	Congenital heart disease
Congenital_heart_disease	Q2572	ICD10	Congenital pulmonary arteriovenous malformation	1	0	0	0	1	1		0.25	Congenital heart disease
Congenital_heart_disease	Q2571	ICD10	Coarctation of pulmonary artery	1	0	1	0	2	1		0.5	Congenital heart disease
Congenital_heart_disease	Q257	ICD10	Other congenital malformations of pulmonary artery	1	0	1	0	2	1		0.5	Congenital heart disease
Congenital_heart_disease	Q26	ICD10	Congenital malformations of great veins	1	0	1	0	2	1	NS - unsure about the Q26 chapter..	0.5	Congenital heart disease
Congenital_heart_disease	Q256	ICD10	Stenosis of pulmonary artery	1	0	1	0	2	1		0.5	Congenital heart disease
Congenital_heart_disease	Q255	ICD10	Atresia of pulmonary artery	1	0	1	0	2	1		0.5	Congenital heart disease
Congenital_heart_disease	Q2549	ICD10	Other congenital malformations of aorta	1	0	1	0	2	1		0.5	Congenital heart disease
Congenital_heart_disease	Q2542	ICD10	Hypoplasia of aorta	1	0	1	0	2	1		0.5	Congenital heart disease
Congenital_heart_disease	Q2541	ICD10	Absence and aplasia of aorta	1	0	1	0	2	1		0.5	Congenital heart disease
Congenital_heart_disease	Q2540	ICD10	Congenital malformation of aorta unspecified	1	0	1	0	2	1		0.5	Congenital heart disease
Congenital_heart_disease	Q254	ICD10	Other congenital malformations of aorta	1	0	1	0	2	1		0.5	Congenital heart disease
Congenital_heart_disease	Q253	ICD10	Supravalvular aortic stenosis	1	0	1	0	2	1		0.5	Congenital heart disease
Congenital_heart_disease	Q2529	ICD10	Other atresia of aorta	1	0	1	0	2	1		0.5	Congenital heart disease
Congenital_heart_disease	Q2521	ICD10	Interruption of aortic arch	1	0	1	0	2	1		0.5	Congenital heart disease
Congenital_heart_disease	Q252	ICD10	Atresia of aorta	1	0	1	0	2	1		0.5	Congenital heart disease
Congenital_heart_disease	Q251	ICD10	Coarctation of aorta	1	0	1	0	2	1		0.5	Congenital heart disease
Congenital_heart_disease	Q250	ICD10	Patent ductus arteriosus	1	0	1	0	2	1		0.5	Congenital heart disease
Congenital_heart_disease	Q25	ICD10	Congenital malformations of great arteries	1	0	1	0	2	1		0.5	Congenital heart disease
Congenital_heart_disease	Q249	ICD10	Congenital malformation of heart, unspecified	1	0	1	0	2	1		0.5	Congenital heart disease
Congenital_heart_disease	Q248	ICD10	Other specified congenital malformations of heart	1	0	1	0	2	1		0.5	Congenital heart disease
Congenital_heart_disease	Q246	ICD10	Congenital heart block	1	0	1	0	2	1		0.5	Congenital heart disease
Congenital_heart_disease	Q245	ICD10	Malformation of coronary vessels	1	0	1	0	2	1		0.5	Congenital heart disease
Congenital_heart_disease	Q244	ICD10	Congenital subaortic stenosis	1	0	1	0	2	1		0.5	Congenital heart disease
Congenital_heart_disease	Q243	ICD10	Pulmonary infundibular stenosis	1	0	1	0	2	1		0.5	Congenital heart disease
Congenital_heart_disease	Q242	ICD10	Cor triatriatum	1	0	1	0	2	1		0.5	Congenital heart disease
Congenital_heart_disease	Q240	ICD10	Dextrocardia	0	0	1	0	1	1		0.25	Congenital heart disease
Congenital_heart_disease	Q24	ICD10	Other congenital malformations of heart	1	0	1	0	2	1		0.5	Congenital heart disease
Congenital_heart_disease	Q239	ICD10	Congenital malformation of aortic and mitral valves, unspecified	1	0	1	0	2	1		0.5	Congenital heart disease
Congenital_heart_disease	Q238	ICD10	Other congenital malformations of aortic and mitral valves	1	0	1	0	2	1		0.5	Congenital heart disease
Congenital_heart_disease	Q234	ICD10	Hypoplastic left heart syndrome	1	0	1	0	2	1		0.5	Congenital heart disease
Congenital_heart_disease	Q233	ICD10	Congenital mitral insufficiency	1	0	1	0	2	1		0.5	Congenital heart disease
Congenital_heart_disease	Q232	ICD10	Congenital mitral stenosis	1	0	1	0	2	1		0.5	Congenital heart disease
Congenital_heart_disease	Q231	ICD10	Congenital insufficiency of aortic valve	1	0	1	0	2	1		0.5	Congenital heart disease
Congenital_heart_disease	Q230	ICD10	Congenital stenosis of aortic valve	1	0	1	0	2	1		0.5	Congenital heart disease
Congenital_heart_disease	Q23	ICD10	Congenital malformations of aortic and mitral valves	1	0	1	0	2	1		0.5	Congenital heart disease
Congenital_heart_disease	Q229	ICD10	Congenital malformation of tricuspid valve, unspecified	1	0	1	0	2	1		0.5	Congenital heart disease
Congenital_heart_disease	Q228	ICD10	Other congenital malformations of tricuspid valve	1	0	1	0	2	1		0.5	Congenital heart disease
Congenital_heart_disease	Q226	ICD10	Hypoplastic right heart syndrome	1	0	1	0	2	1		0.5	Congenital heart disease
Congenital_heart_disease	Q225	ICD10	Ebstein's anomaly	1	0	1	0	2	1		0.5	Congenital heart disease
Congenital_heart_disease	Q224	ICD10	Congenital tricuspid stenosis	1	0	1	0	2	1		0.5	Congenital heart disease
Congenital_heart_disease	Q223	ICD10	Other congenital malformations of pulmonary valve	1	0	1	0	2	1		0.5	Congenital heart disease
Congenital_heart_disease	Q222	ICD10	Congenital pulmonary valve insufficiency	1	0	1	0	2	1		0.5	Congenital heart disease
Congenital_heart_disease	Q221	ICD10	Congenital pulmonary valve stenosis	1	0	1	0	2	1		0.5	Congenital heart disease
Congenital_heart_disease	Q220	ICD10	Pulmonary valve atresia	1	0	1	0	2	1		0.5	Congenital heart disease
Congenital_heart_disease	Q22	ICD10	Congenital malformations of pulmonary and tricuspid valves	1	0	1	0	2	1		0.5	Congenital heart disease
Congenital_heart_disease	Q219	ICD10	Congenital malformation of cardiac septum, unspecified	1	0	1	0	2	1		0.5	Congenital heart disease
Congenital_heart_disease	Q218	ICD10	Other congenital malformations of cardiac septa	1	0	1	0	2	1		0.5	Congenital heart disease
Congenital_heart_disease	Q214	ICD10	Aortopulmonary septal defect	1	0	1	0	2	1		0.5	Congenital heart disease
Congenital_heart_disease	Q213	ICD10	Tetralogy of Fallot	1	0	1	0	2	1		0.5	Congenital heart disease
Congenital_heart_disease	Q2123	ICD10	Complete atrioventricular septal defect	1	0	1	0	2	1		0.5	Congenital heart disease
Congenital_heart_disease	Q2122	ICD10	Transitional atrioventricular septal defect	1	0	1	0	2	1		0.5	Congenital heart disease
Congenital_heart_disease	Q2121	ICD10	Partial atrioventricular septal defect	1	0	1	0	2	1		0.5	Congenital heart disease
Congenital_heart_disease	Q2120	ICD10	Atrioventricular septal defect, unspecified as to partial or complete	1	0	1	0	2	1		0.5	Congenital heart disease
Congenital_heart_disease	Q212	ICD10	Atrioventricular septal defect	1	0	1	0	2	1		0.5	Congenital heart disease
Congenital_heart_disease	Q2119	ICD10	Other specified atrial septal defect	1	0	1	0	2	1		0.5	Congenital heart disease
Congenital_heart_disease	Q2116	ICD10	Sinus venosus atrial septal defect, unspecified	1	0	1	0	2	1		0.5	Congenital heart disease
Congenital_heart_disease	Q2115	ICD10	Inferior sinus venosus atrial septal defect	1	0	1	0	2	1		0.5	Congenital heart disease
Congenital_heart_disease	Q2114	ICD10	Superior sinus venosus atrial septal defect	1	0	1	0	2	1		0.5	Congenital heart disease
Congenital_heart_disease	Q2113	ICD10	Coronary sinus atrial septal defect	1	0	1	0	2	1		0.5	Congenital heart disease
Congenital_heart_disease	Q2111	ICD10	Secundum atrial septal defect	1	0	1	0	2	1		0.5	Congenital heart disease
Congenital_heart_disease	Q2110	ICD10	Atrial septal defect, unspecified	1	0	1	0	2	1		0.5	Congenital heart disease
Congenital_heart_disease	Q211	ICD10	Atrial septal defect	1	0	1	0	2	1		0.5	Congenital heart disease
Congenital_heart_disease	Q210	ICD10	Ventricular septal defect	1	0	1	0	2	1	its under chapter Q21, so yes?	0.5	Congenital heart disease
Congenital_heart_disease	Q21	ICD10	Congenital malformations of cardiac septa	1	0	1	0	2	1		0.5	Congenital heart disease
Congenital_heart_disease	Q209	ICD10	Congenital malformation of cardiac chambers and connections, unspecified	1	0	1	0	2	1		0.5	Congenital heart disease
Congenital_heart_disease	Q208	ICD10	Other congenital malformations of cardiac chambers and connections	1	0	1	0	2	1		0.5	Congenital heart disease
Congenital_heart_disease	Q206	ICD10	Isomerism of atrial appendages	1	0	1	0	2	1		0.5	Congenital heart disease
Congenital_heart_disease	Q205	ICD10	Discordant atrioventricular connection	1	0	1	0	2	1		0.5	Congenital heart disease
Congenital_heart_disease	Q204	ICD10	Double inlet ventricle	1	0	1	0	2	1		0.5	Congenital heart disease
Congenital_heart_disease	Q203	ICD10	Discordant ventriculoarterial connection	1	0	1	0	2	1		0.5	Congenital heart disease
Congenital_heart_disease	Q202	ICD10	Double outlet left ventricle	1	0	1	0	2	1		0.5	Congenital heart disease
Congenital_heart_disease	Q201	ICD10	Double outlet right ventricle	1	0	1	0	2	1		0.5	Congenital heart disease
Congenital_heart_disease	Q200	ICD10	Common arterial trunk	1	0	1	0	2	1		0.5	Congenital heart disease
Congenital_heart_disease	Q20	ICD10	Congenital malformations of cardiac chambers and connections	1	0	1	0	2	1		0.5	Congenital heart disease
Congenital_heart_procedure	K041	OPCS4	Repair of tetralogy of Fallot using valved right ventricular outflow conduit	1	0	1	0	2	1		0.5	Congenital heart disease procedure
Congenital_heart_procedure	K042	OPCS4	Repair of tetralogy of Fallot using right ventricular outflow conduit NEC	1	0	1	0	2	1		0.5	Congenital heart disease procedure
Congenital_heart_procedure	K043	OPCS4	Repair of tetralogy of Fallot using transannular patch	1	0	1	0	2	1		0.5	Congenital heart disease procedure
Congenital_heart_procedure	K044	OPCS4	Revision of repair of tetralogy of Fallot	1	0	1	0	2	1		0.5	Congenital heart disease procedure
Congenital_heart_procedure	K045	OPCS4	Repair of tetralogy of Fallot with absent pulmonary valve	1	0	1	0	2	1		0.5	Congenital heart disease procedure
Congenital_heart_procedure	K046	OPCS4	Repair of Fallot-type pulmonary atresia with aortopulmonary collaterals	1	0	1	0	2	1		0.5	Congenital heart disease procedure
Congenital_heart_procedure	K048	OPCS4	Other specified repair of tetralogy of Fallot	1	0	1	0	2	1		0.5	Congenital heart disease procedure
Congenital_heart_procedure	K049	OPCS4	Unspecified repair of tetralogy of Fallot	1	0	1	0	2	1		0.5	Congenital heart disease procedure
Congenital_heart_procedure	K051	OPCS4	Reconstruction of atrium using atrial patch for transposition of great arteries	1	0	1	0	2	1		0.5	Congenital heart disease procedure
Congenital_heart_procedure	K052	OPCS4	Reconstruction of atrium using atrial wall for transposition of great arteries	1	0	1	0	2	1		0.5	Congenital heart disease procedure
Congenital_heart_procedure	K058	OPCS4	Other specified atrial inversion operations for transposition of great arteries	1	0	1	0	2	1		0.5	Congenital heart disease procedure
Congenital_heart_procedure	K059	OPCS4	Unspecified atrial inversion operations for transposition of great arteries	1	0	1	0	2	1		0.5	Congenital heart disease procedure
Congenital_heart_procedure	K061	OPCS4	Repositioning of transposed great arteries	1	0	1	0	2	1		0.5	Congenital heart disease procedure
Congenital_heart_procedure	K062	OPCS4	Left ventricle to aorta tunnel with right ventricle to pulmonary trunk direct anastomosis	1	0	1	0	2	1		0.5	Congenital heart disease procedure
Congenital_heart_procedure	K063	OPCS4	Left ventricle to aorta tunnel with right ventricle to pulmonary artery valved conduit	1	0	1	0	2	1		0.5	Congenital heart disease procedure
Congenital_heart_procedure	K064	OPCS4	Atrial inversion and repositioning of transposed great artery	1	0	1	0	2	1		0.5	Congenital heart disease procedure
Congenital_heart_procedure	K068	OPCS4	Other specified other repair of transposition of great arteries	1	0	1	0	2	1		0.5	Congenital heart disease procedure
Congenital_heart_procedure	K069	OPCS4	Unspecified other repair of transposition of great arteries	1	0	1	0	2	1		0.5	Congenital heart disease procedure
Congenital_heart_procedure	K071	OPCS4	Correction of total anomalous pulmonary venous connection to supracardiac vessel	1	0	1	0	2	1		0.5	Congenital heart disease procedure
Congenital_heart_procedure	K072	OPCS4	Correction of total anomalous pulmonary venous connection to coronary sinus	1	0	1	0	2	1		0.5	Congenital heart disease procedure
Congenital_heart_procedure	K073	OPCS4	Correction of total anomalous pulmonary venous connection to infradiaphragmatic vessel	1	0	1	0	2	1		0.5	Congenital heart disease procedure
Congenital_heart_procedure	K078	OPCS4	Other specified correction of total anomalous pulmonary venous connection	1	0	1	0	2	1		0.5	Congenital heart disease procedure
Congenital_heart_procedure	K079	OPCS4	Unspecified correction of total anomalous pulmonary venous connection	1	0	1	0	2	1		0.5	Congenital heart disease procedure
Congenital_heart_procedure	K081	OPCS4	Repair of double outlet right ventricle with intraventricular tunnel	1	0	1	0	2	1		0.5	Congenital heart disease procedure
Congenital_heart_procedure	K082	OPCS4	Repair of Fallot-type double outlet right ventricle	1	0	1	0	2	1		0.5	Congenital heart disease procedure
Congenital_heart_procedure	K083	OPCS4	Repair of double outlet right ventricle	1	0	1	0	2	1		0.5	Congenital heart disease procedure
Congenital_heart_procedure	K084	OPCS4	Repair of double outlet left ventricle	1	0	1	0	2	1		0.5	Congenital heart disease procedure
Congenital_heart_procedure	K088	OPCS4	Other specified repair of double outlet ventricle	1	0	1	0	2	1		0.5	Congenital heart disease procedure
Congenital_heart_procedure	K089	OPCS4	Unspecified repair of double outlet ventricle	1	0	1	0	2	1		0.5	Congenital heart disease procedure
Congenital_heart_procedure	K091	OPCS4	Repair of defect of atrioventricular septum using dual prosthetic patches	1	0	1	0	2	1		0.5	Congenital heart disease procedure
Congenital_heart_procedure	K092	OPCS4	Repair of defect of atrioventricular septum using prosthetic patch NEC	1	0	1	0	2	1		0.5	Congenital heart disease procedure
Congenital_heart_procedure	K093	OPCS4	Repair of defect of atrioventricular septum using tissue graft	1	0	1	0	2	1		0.5	Congenital heart disease procedure
Congenital_heart_procedure	K094	OPCS4	Repair of persistent ostium primum	1	0	1	0	2	1		0.5	Congenital heart disease procedure
Congenital_heart_procedure	K095	OPCS4	Primary repair of defect of atrioventricular septum NEC	1	0	1	0	2	1		0.5	Congenital heart disease procedure
Congenital_heart_procedure	K096	OPCS4	Revision of repair of defect of atrioventricular septum	1	0	1	0	2	1		0.5	Congenital heart disease procedure
Congenital_heart_procedure	K098	OPCS4	Other specified repair of defect of atrioventricular septum	1	0	1	0	2	1		0.5	Congenital heart disease procedure
Congenital_heart_procedure	K099	OPCS4	Unspecified repair of defect of atrioventricular septum	1	0	1	0	2	1		0.5	Congenital heart disease procedure
Congenital_heart_procedure	K116	OPCS4	Repair of multiple interventricular septal defects	1	0	1	0	2	1		0.5	Congenital heart disease procedure
Congenital_heart_procedure	K117	OPCS4	Repair of interventricular septal defect using intraoperative transluminal prosthesis	1	0	1	0	2	1		0.5	Congenital heart disease procedure
Congenital_heart_procedure	K141	OPCS4	Open enlargement of defect of atrial septum	1	0	1	0	2	1		0.5	Congenital heart disease procedure
Congenital_heart_procedure	K142	OPCS4	Open atrial septostomy	1	0	1	0	2	1		0.5	Congenital heart disease procedure
Congenital_heart_procedure	K143	OPCS4	Atrial septectomy	1	0	1	0	2	1		0.5	Congenital heart disease procedure
Congenital_heart_procedure	K144	OPCS4	Surgical atrial septation	1	0	1	0	2	1		0.5	Congenital heart disease procedure
Congenital_heart_procedure	K145	OPCS4	Open enlargement of defect of interventricular septum	1	0	1	0	2	1		0.5	Congenital heart disease procedure
Congenital_heart_procedure	K151	OPCS4	Closed enlargement of defect of atrial septum	1	0	1	0	2	1		0.5	Congenital heart disease procedure
Congenital_heart_procedure	K152	OPCS4	Closed atrial septostomy	1	0	1	0	2	1		0.5	Congenital heart disease procedure
Congenital_heart_procedure	K161	OPCS4	Percutaneous transluminal balloon atrial septostomy	1	0	1	0	2	1		0.5	Congenital heart disease procedure
Congenital_heart_procedure	K162	OPCS4	Percutaneous transluminal atrial septostomy NEC	1	0	1	0	2	1		0.5	Congenital heart disease procedure
Congenital_heart_procedure	K163	OPCS4	Percutaneous transluminal atrial septum fenestration closure with prosthesis	1	0	1	0	2	1		0.5	Congenital heart disease procedure
Congenital_heart_procedure	K164	OPCS4	Percutaneous transluminal atrial septum fenestration	1	0	1	0	2	1		0.5	Congenital heart disease procedure
Congenital_heart_procedure	K171	OPCS4	Total cavopulmonary connection with extracardiac inferior caval vein to pulmonary artery conduit	1	0	1	0	2	1		0.5	Congenital heart disease procedure
Congenital_heart_procedure	K172	OPCS4	Total cavopulmonary connection with lateral atrial tunnel	1	0	1	0	2	1		0.5	Congenital heart disease procedure
Congenital_heart_procedure	K173	OPCS4	Aortopulmonary reconstruction with systemic to pulmonary arterial shunt	1	0	1	0	2	1		0.5	Congenital heart disease procedure
Congenital_heart_procedure	K174	OPCS4	Aortopulmonary reconstruction with right ventricle to pulmonary arterial valveless conduit	1	0	1	0	2	1		0.5	Congenital heart disease procedure
Congenital_heart_procedure	K175	OPCS4	Biventricular repair of hypoplastic left heart syndrome	1	0	1	0	2	1		0.5	Congenital heart disease procedure
Congenital_heart_procedure	K176	OPCS4	Takedown of total cavopulmonary connection	1	0	1	0	2	1		0.5	Congenital heart disease procedure
Congenital_heart_procedure	K177	OPCS4	Conversion of atrial pulmonary anastomosis to total pulmonary connection	1	0	1	0	2	1		0.5	Congenital heart disease procedure
Congenital_heart_procedure	K178	OPCS4	Other specified repair of univentricular heart	1	0	1	0	2	1		0.5	Congenital heart disease procedure
Congenital_heart_procedure	K179	OPCS4	Unspecified repair of univentricular heart	1	0	1	0	2	1		0.5	Congenital heart disease procedure
Congenital_heart_procedure	K181	OPCS4	Creation of valved conduit between atrium and ventricle of heart	1	0	1	0	2	1		0.5	Congenital heart disease procedure
Congenital_heart_procedure	K182	OPCS4	Creation of valved conduit between right atrium and pulmonary artery	1	0	1	0	2	1		0.5	Congenital heart disease procedure
Congenital_heart_procedure	K183	OPCS4	Creation of valved conduit between right ventricle of heart and pulmonary artery	1	0	1	0	2	1		0.5	Congenital heart disease procedure
Congenital_heart_procedure	K184	OPCS4	Creation of valved conduit between left ventricle of heart and aorta	1	0	1	0	2	1		0.5	Congenital heart disease procedure
Congenital_heart_procedure	K185	OPCS4	Revision of valved cardiac conduit	1	0	1	0	2	1		0.5	Congenital heart disease procedure
Congenital_heart_procedure	K186	OPCS4	Creation of valved conduit between left ventricle of heart and pulmonary artery	1	0	1	0	2	1		0.5	Congenital heart disease procedure
Congenital_heart_procedure	K187	OPCS4	Replacement of valved cardiac conduit	1	0	1	0	2	1		0.5	Congenital heart disease procedure
Congenital_heart_procedure	K188	OPCS4	Other specified creation of valved cardiac conduit	1	0	1	0	2	1		0.5	Congenital heart disease procedure
Congenital_heart_procedure	K189	OPCS4	Unspecified creation of valved cardiac conduit	1	0	1	0	2	1		0.5	Congenital heart disease procedure
Congenital_heart_procedure	K191	OPCS4	Creation of conduit between atrium and ventricle of heart NEC	1	0	1	0	2	1		0.5	Congenital heart disease procedure
Congenital_heart_procedure	K192	OPCS4	Creation of conduit between right atrium and pulmonary artery NEC	1	0	1	0	2	1		0.5	Congenital heart disease procedure
Congenital_heart_procedure	K193	OPCS4	Creation of conduit between right ventricle of heart and pulmonary artery NEC	1	0	1	0	2	1		0.5	Congenital heart disease procedure
Congenital_heart_procedure	K194	OPCS4	Creation of conduit between right ventricle of heart and vena cava	1	0	1	0	2	1		0.5	Congenital heart disease procedure
Congenital_heart_procedure	K195	OPCS4	Creation of conduit between left ventricle of heart and aorta NEC	1	0	1	0	2	1		0.5	Congenital heart disease procedure
Congenital_heart_procedure	K196	OPCS4	Revision of cardiac conduit NEC	1	0	1	0	2	1		0.5	Congenital heart disease procedure
Congenital_heart_procedure	K198	OPCS4	Other specified creation of other cardiac conduit	1	0	1	0	2	1		0.5	Congenital heart disease procedure
Congenital_heart_procedure	K199	OPCS4	Unspecified creation of other cardiac conduit	1	0	1	0	2	1		0.5	Congenital heart disease procedure
Congenital_heart_procedure	K203	OPCS4	Repair of cor triatriatum	1	0	1	0	2	1		0.5	Congenital heart disease procedure
Congenital_heart_procedure	K241	OPCS4	Relief of right ventricular outflow tract obstruction	1	0	1	0	2	1		0.5	Congenital heart disease procedure
Congenital_heart_procedure	K242	OPCS4	Repair of double chambered right ventricle	1	0	1	0	2	1		0.5	Congenital heart disease procedure
Congenital_heart_procedure	K275	OPCS4	Repositioning of tricuspid valve	1	0	1	0	2	1		0.5	Congenital heart disease procedure
Congenital_heart_procedure	K296	OPCS4	Truncal valve repair	0	0	1	0	1	1		0.25	Congenital heart disease procedure
Congenital_heart_procedure	K297	OPCS4	Replacement of truncal valve	0	0	1	0	1	1		0.25	Congenital heart disease procedure
Congenital_heart_procedure	K577	OPCS4	Percutaneous transluminal ablation for congenital heart malformation	1	0	1	0	2	1		0.5	Congenital heart disease procedure
Congenital_heart_procedure	K761	OPCS4	Percutaneous transluminal balloon dilation of cardiac conduit	1	0	1	0	2	1		0.5	Congenital heart disease procedure
Congenital_heart_procedure	K768	OPCS4	Other specified transluminal operations on cardiac conduit	1	0	1	0	2	1		0.5	Congenital heart disease procedure
Congenital_heart_procedure	K769	OPCS4	Unspecified transluminal operations on cardiac conduit	1	0	1	0	2	1		0.5	Congenital heart disease procedure
Congenital_heart_procedure	L011	OPCS4	Correction of persistent truncus arteriosus	1	0	1	0	2	1		0.5	Congenital heart disease procedure
Congenital_heart_procedure	L012	OPCS4	Application of band to persistent truncus arteriosus	1	0	1	0	2	1		0.5	Congenital heart disease procedure
Congenital_heart_procedure	L103	OPCS4	Repair of anomalous pulmonary artery NEC	1	0	1	0	2	1		0.5	Congenital heart disease procedure
Congenital_heart_procedure	L104	OPCS4	Repair of pulmonary arterial sling	1	0	1	0	2	1		0.5	Congenital heart disease procedure
Congenital_heart_procedure	L121	OPCS4	Application of band to pulmonary artery	1	0	1	0	2	1		0.5	Congenital heart disease procedure
Congenital_heart_procedure	L122	OPCS4	Adjustment of band to pulmonary artery	1	0	1	0	2	1		0.5	Congenital heart disease procedure
Congenital_heart_procedure	L123	OPCS4	Removal of band from pulmonary artery	1	0	1	0	2	1		0.5	Congenital heart disease procedure
Congenital_heart_procedure	L126	OPCS4	Pulmonary artery ligation	1	0	1	0	2	1		0.5	Congenital heart disease procedure
Congenital_heart_procedure	L134	OPCS4	Percutaneous transluminal cutting balloon angioplasty of pulmonary artery	1	0	1	0	2	1		0.5	Congenital heart disease procedure
Congenital_heart_procedure	L135	OPCS4	Percutaneous transluminal balloon angioplasty of pulmonary artery NEC	1	0	1	0	2	1		0.5	Congenital heart disease procedure
Congenital_heart_procedure	L136	OPCS4	Percutaneous transluminal insertion of stent into pulmonary artery	1	0	1	0	2	1		0.5	Congenital heart disease procedure
Congenital_heart_procedure	1006227	CPT4	Repair Procedures for Single Ventricle and Other Complex Cardiac Anomalies | [Therapeutic or Preventive Procedure]	1	0	1	0	2	1		0.5	Congenital heart disease procedure
Congenital_heart_procedure	1006274	CPT4	Repair of transposition of the great arteries with ventricular septal defect and subpulmonary stenosis | [Therapeutic or Preventive Procedure]	1	0	1	0	2	1		0.5	Congenital heart disease procedure
Congenital_heart_procedure	1006292	CPT4	Obliteration of aortopulmonary septal defect | [Therapeutic or Preventive Procedure]	1	0	1	0	2	1		0.5	Congenital heart disease procedure
Congenital_heart_procedure	1006285	CPT4	Repair Procedures for Truncus Arteriosus | [Therapeutic or Preventive Procedure]	1	0	1	0	2	1		0.5	Congenital heart disease procedure
Congenital_heart_procedure	1014132	CPT4	Repair of double outlet right ventricle with intraventricular tunnel repair | [Therapeutic or Preventive Procedure]	1	0	1	0	2	1		0.5	Congenital heart disease procedure
Congenital_heart_procedure	1014133	CPT4	Closure of single ventricular septal defect, with or without patch | [Therapeutic or Preventive Procedure]	1	0	1	0	2	1		0.5	Congenital heart disease procedure
Congenital_heart_procedure	1014135	CPT4	Complete repair tetralogy of Fallot without pulmonary atresia | [Therapeutic or Preventive Procedure]	1	0	1	0	2	1		0.5	Congenital heart disease procedure
Congenital_heart_procedure	1014614	CPT4	Repair of transposition of the great arteries, atrial baffle procedure (eg, Mustard or Senning type) with cardiopulmonary bypass | [Therapeutic or Preventive Procedure]	1	0	1	0	2	1		0.5	Congenital heart disease procedure
Congenital_heart_procedure	1014617	CPT4	Repair of transposition of the great arteries, aortic pulmonary artery reconstruction (eg, Jatene type) | [Therapeutic or Preventive Procedure]	1	0	1	0	2	1		0.5	Congenital heart disease procedure
Congenital_heart_procedure	1014755	CPT4	Closure of multiple ventricular septal defects | [Therapeutic or Preventive Procedure]	1	0	1	0	2	1		0.5	Congenital heart disease procedure
Congenital_heart_procedure	1020205	CPT4	Aortic root translocation with ventricular septal defect and pulmonary stenosis repair (ie, Nikaidoh procedure) | [Therapeutic or Preventive Procedure]	1	0	1	0	2	1		0.5	Congenital heart disease procedure
Congenital_heart_procedure	1036220	CPT4	Transcatheter intracardiac shunt (TIS) creation by stent placement for congenital cardiac anomalies to establish effective intracardiac flow, including all imaging guidance by the proceduralist, when performed, left and right heart diagnostic cardiac catheterization for congenital cardiac anomalies, and target zone angioplasty, when performed (eg, atrial septum, Fontan fenestration, right ventricular outflow tract, Mustard/Senning/Warden baffles)	1	0	1	0	2	1		0.5	Congenital heart disease procedure
Congenital_heart_procedure	1036712	CPT4	Endovascular Repair of Congenital Heart and Vascular Defects | [Therapeutic or Preventive Procedure]	1	0	1	0	2	1		0.5	Congenital heart disease procedure
Congenital_heart_procedure	1036826	CPT4	Cardiac Catheterization for Congenital Heart Defects | [Therapeutic or Preventive Procedure]	1	0	1	0	2	1		0.5	Congenital heart disease procedure
Congenital_heart_procedure	1036827	CPT4	Right heart catheterization for congenital heart defect(s) including imaging guidance by the proceduralist to advance the catheter to the target zone | [Therapeutic or Preventive Procedure]	1	0	1	0	2	1		0.5	Congenital heart disease procedure
Congenital_heart_procedure	1036831	CPT4	Right and left heart catheterization for congenital heart defect(s) including imaging guidance by the proceduralist to advance the catheter to the target zone(s) | [Therapeutic or Preventive Procedure]	1	0	1	0	2	1		0.5	Congenital heart disease procedure
Congenital_heart_procedure	33610	CPT4	Repair of congenital defect in wall between lower heart chambers	1	0	1	0	2	1		0.5	Congenital heart disease procedure
Congenital_heart_procedure	33608	CPT4	Repair of complex cardiac anomaly other than pulmonary atresia with ventricular septal defect by construction or replacement of conduit from right or left ventricle to pulmonary artery | [Therapeutic or Preventive Procedure]	1	0	1	0	2	1		0.5	Congenital heart disease procedure
Congenital_heart_procedure	33611	CPT4	Repair of double outlet right ventricle with intraventricular tunnel repair | [Therapeutic or Preventive Procedure]	1	0	1	0	2	1		0.5	Congenital heart disease procedure
Congenital_heart_procedure	33615	CPT4	Repair of congenital defect in wall between upper heart chambers and connection of atria to pulmonary artery (Simple Fontan procedure)	1	0	1	0	2	1		0.5	Congenital heart disease procedure
Congenital_heart_procedure	33617	CPT4	Repair of complex congenital defect in wall between upper heart chambers and connection of atria to pulmonary artery (Modified Fontan procedure)	1	0	1	0	2	1		0.5	Congenital heart disease procedure
Congenital_heart_procedure	33619	CPT4	Repair to improve congenital blood flow defect from lower heart chamber	1	0	1	0	2	1		0.5	Congenital heart disease procedure
Congenital_heart_procedure	33622	CPT4	Reconstruction of complex cardiac anomaly (eg, single ventricle or hypoplastic left heart) with palliation of single ventricle with aortic outflow obstruction and aortic arch hypoplasia, creation of cavopulmonary anastomosis, and removal of right and l... | [Therapeutic or Preventive Procedure]	1	0	1	0	2	1		0.5	Congenital heart disease procedure
Congenital_heart_procedure	33641	CPT4	Repair of congenital defect between upper heart chambers on heart-lung machine	1	0	1	0	2	1		0.5	Congenital heart disease procedure
Congenital_heart_procedure	33647	CPT4	Repair of atrial septal defect and ventricular septal defect, with direct or patch closure | [Therapeutic or Preventive Procedure]	1	0	0	0	1	1		0.25	Congenital heart disease procedure
Congenital_heart_procedure	33660	CPT4	Repair of partial congenital defect between both upper and lower heart chambers	1	0	1	0	2	1		0.5	Congenital heart disease procedure
Congenital_heart_procedure	33665	CPT4	Repair of intermediate congenital defect between both upper and lower heart chambers	1	0	1	0	2	1		0.5	Congenital heart disease procedure
Congenital_heart_procedure	33670	CPT4	Repair of complete congenital defect between both upper and lower heart chambers	1	0	1	0	2	1		0.5	Congenital heart disease procedure
Congenital_heart_procedure	33675	CPT4	Closure of multiple congenital defects between lower heart chambers	1	0	1	0	2	1		0.5	Congenital heart disease procedure
Congenital_heart_procedure	33676	CPT4	Closure of multiple congenital defects between lower heart chambers with valve tissue release	1	0	1	0	2	1		0.5	Congenital heart disease procedure
Congenital_heart_procedure	33677	CPT4	Closure of multiple congenital defects between lower heart chambers with removal of band	1	0	1	0	2	1		0.5	Congenital heart disease procedure
Congenital_heart_procedure	33681	CPT4	Closure of congenital defect between lower heart chambers	1	0	1	0	2	1		0.5	Congenital heart disease procedure
Congenital_heart_procedure	33684	CPT4	Closure of congenital defect between lower heart chambers with valve tissue release	1	0	1	0	2	1		0.5	Congenital heart disease procedure
Congenital_heart_procedure	33688	CPT4	Closure of congenital defect between lower heart chambers with removal of band	1	0	1	0	2	1		0.5	Congenital heart disease procedure
Congenital_heart_procedure	33692	CPT4	Repair and correction of 4 congenital heart defects	1	0	1	0	2	1		0.5	Congenital heart disease procedure
Congenital_heart_procedure	33694	CPT4	Repair and correction of 4 congenital heart defects with patch	1	0	1	0	2	1		0.5	Congenital heart disease procedure
Congenital_heart_procedure	33697	CPT4	Repair and correction of 4 congenital heart defects including closure between lower heart chambers	1	0	1	0	2	1		0.5	Congenital heart disease procedure
Congenital_heart_procedure	33710	CPT4	Repair sinus of Valsalva fistula, with cardiopulmonary bypass; with repair of ventricular septal defect | [Therapeutic or Preventive Procedure]	1	0	0	0	1	1		0.25	Congenital heart disease procedure
Congenital_heart_procedure	33741	CPT4	Transcatheter atrial septostomy (TAS) for congenital cardiac anomalies to create effective atrial flow	1	0	1	0	2	1		0.5	Congenital heart disease procedure
Congenital_heart_procedure	33745	CPT4	Transcatheter intracardiac shunt (TIS) creation by stent placement for congenital cardiac anomalies to establish effective intracardiac flow, including all imaging guidance by the proceduralist, when performed, left and right heart diagnostic cardiac catheterization for congenital cardiac anomalies, and target zone angioplasty, when performed (eg, atrial septum, Fontan fenestration, right ventricular outflow tract, Mustard/Senning/Warden baffles); initial intracardiac shunt	1	0	1	0	2	1		0.5	Congenital heart disease procedure
Congenital_heart_procedure	33746	CPT4	Transcatheter intracardiac shunt (TIS) creation by stent placement for congenital cardiac anomalies to establish effective intracardiac flow, including all imaging guidance by the proceduralist, when performed, left and right heart diagnostic cardiac catheterization for congenital cardiac anomalies, and target zone angioplasty, when performed (eg, atrial septum, Fontan fenestration, right ventricular outflow tract, Mustard/Senning/Warden baffles); each additional intracardiac shunt location (List separately in addition to code for primary procedure)	1	0	1	0	2	1		0.5	Congenital heart disease procedure
Congenital_heart_procedure	33770	CPT4	Repair of group of congenital heart defects with reversal of blood flow	1	0	1	0	2	1		0.5	Congenital heart disease procedure
Congenital_heart_procedure	33771	CPT4	Repair of group of congenital heart defects with reversal of blood flow and enlargement of hole in wall between lower heart chambers	1	0	1	0	2	1		0.5	Congenital heart disease procedure
Congenital_heart_procedure	33774	CPT4	Repair of group of congenital heart defects with reversal of blood flow on heart-lung machine	1	0	1	0	2	1		0.5	Congenital heart disease procedure
Congenital_heart_procedure	33775	CPT4	Repair of group of congenital heart defects with reversal of blood flow and band removal on heart-lung machine	1	0	1	0	2	1		0.5	Congenital heart disease procedure
Congenital_heart_procedure	33776	CPT4	Repair of group of congenital heart defects with reversal of blood flow and closure of hole in wall between lower heart chambers on heart-lung machine	1	0	1	0	2	1		0.5	Congenital heart disease procedure
Congenital_heart_procedure	33777	CPT4	Repair of group of congenital heart defects and obstruction with reversal of blood flow on heart-lung machine	1	0	1	0	2	1		0.5	Congenital heart disease procedure
Congenital_heart_procedure	33778	CPT4	Repair of group of congenital heart defects with redirection of blood flow	1	0	1	0	2	1		0.5	Congenital heart disease procedure
Congenital_heart_procedure	33779	CPT4	Repair of group of congenital heart defects with redirection of blood flow and band removal	1	0	1	0	2	1		0.5	Congenital heart disease procedure
Congenital_heart_procedure	33780	CPT4	Repair of a group of congenital heart defects with redirection of blood flow and closure of hole in wall between lower heart chambers	1	0	1	0	2	1		0.5	Congenital heart disease procedure
Congenital_heart_procedure	33781	CPT4	Repair of a group of congenital heart defects and obstruction with redirection of blood flow	1	0	1	0	2	1		0.5	Congenital heart disease procedure
Congenital_heart_procedure	33782	CPT4	Aortic root translocation with ventricular septal defect and pulmonary stenosis repair (ie, Nikaidoh procedure); without coronary ostium reimplantation | [Therapeutic or Preventive Procedure]	1	0	1	0	2	1		0.5	Congenital heart disease procedure
Congenital_heart_procedure	33783	CPT4	Aortic root translocation with ventricular septal defect and pulmonary stenosis repair (ie, Nikaidoh procedure); with reimplantation of 1 or both coronary ostia | [Therapeutic or Preventive Procedure]	1	0	1	0	2	1		0.5	Congenital heart disease procedure
Congenital_heart_procedure	33786	CPT4	Total repair of group of congenital heart defects with redirection of blood flow	1	0	1	0	2	1		0.5	Congenital heart disease procedure
Congenital_heart_procedure	33820	CPT4	Tying of congenital heart defect from pulmonary artery to aorta	1	0	1	0	2	1		0.5	Congenital heart disease procedure
Congenital_heart_procedure	33822	CPT4	Repair of congenital heart defect from pulmonary artery to aorta, younger than 18 years	1	0	1	0	2	1		0.5	Congenital heart disease procedure
Congenital_heart_procedure	33824	CPT4	Repair of congenital heart defect from pulmonary artery to aorta, 18 years or older	1	0	1	0	2	1		0.5	Congenital heart disease procedure
Congenital_heart_procedure	93580	CPT4	Repair of congenital abnormality in wall between upper heart chambers with implant	1	0	1	0	2	1		0.5	Congenital heart disease procedure
Congenital_heart_procedure	93581	CPT4	Repair of congenital abnormality in wall between lower heart chambers with implant	1	0	1	0	2	1		0.5	Congenital heart disease procedure
Congenital_heart_procedure	93593	CPT4	Right heart catheterization for congenital heart defect(s) including imaging guidance by the proceduralist to advance the catheter to the target zone; normal native connections | [Diagnostic Procedure] - [Therapeutic or Preventive Procedure]	1	0	1	0	2	1		0.5	Congenital heart disease procedure
Congenital_heart_procedure	93594	CPT4	Right heart catheterization for congenital heart defect(s) including imaging guidance by the proceduralist to advance the catheter to the target zone; abnormal native connections | [Diagnostic Procedure] - [Therapeutic or Preventive Procedure]	1	0	1	0	2	1		0.5	Congenital heart disease procedure
Congenital_heart_procedure	93595	CPT4	Left heart catheterization for congenital heart defect(s) including imaging guidance by the proceduralist to advance the catheter to the target zone, normal or abnormal native connections | [Diagnostic Procedure] - [Therapeutic or Preventive Procedure]	1	0	1	0	2	1		0.5	Congenital heart disease procedure
Congenital_heart_procedure	93596	CPT4	Right and left heart catheterization for congenital heart defect(s) including imaging guidance by the proceduralist to advance the catheter to the target zone(s); normal native connections | [Diagnostic Procedure] - [Therapeutic or Preventive Procedure]	1	0	1	0	2	1		0.5	Congenital heart disease procedure
Congenital_heart_procedure	93597	CPT4	Right and left heart catheterization for congenital heart defect(s) including imaging guidance by the proceduralist to advance the catheter to the target zone(s); abnormal native connections | [Diagnostic Procedure] - [Therapeutic or Preventive Procedure]	1	0	1	0	2	1		0.5	Congenital heart disease procedure
Congenital_heart_procedure	93598	CPT4	Cardiac output measurement(s), thermodilution or other indicator dilution method, performed during cardiac catheterization for the evaluation of congenital heart defects (List separately in addition to code for primary procedure) | [Diagnostic Procedure]	1	0	1	0	2	1		0.5	Congenital heart disease procedure
Congenital_heart_procedure	K201	OPCS4	Correction of persistent sinus venosus	0	0	1	0	1	1		0.25	Congenital heart disease procedure
Congenital_heart_procedure	K202	OPCS4	Correction of partial anomalous pulmonary venous drainage	0	0	1	0	1	1		0.25	Congenital heart disease procedure
Congenital_heart_procedure	K331	OPCS4	Aortic root replacement using pulmonary valve autograft with right ventricle to pulmonary artery valved conduit	0	0	1	0	1	1		0.25	Congenital heart disease procedure
Congenital_heart_procedure	K332	OPCS4	Aortic root replacement using pulmonary valve autograft with right ventricle to pulmonary artery valved conduit and aortoventriculoplasty	0	0	1	0	1	1		0.25	Congenital heart disease procedure
Congenital_heart_procedure	L013	OPCS4	Repair of anomalous pulmonary artery origin from ascending aorta	0	0	1	0	1	1		0.25	Congenital heart disease procedure
Congenital_heart_procedure	L014	OPCS4	Closure of aortopulmonary window	0	0	1	0	1	1		0.25	Congenital heart disease procedure
Congenital_heart_procedure	L018	OPCS4	Other specified open operations for combined abnormality of great vessels	0	0	1	0	1	1		0.25	Congenital heart disease procedure
Congenital_heart_procedure	L019	OPCS4	Unspecified open operations for combined abnormality of great vessels	0	0	1	0	1	1		0.25	Congenital heart disease procedure
Congenital_heart_procedure	L021	OPCS4	Division of patent ductus arteriosus	0	0	1	0	1	1		0.25	Congenital heart disease procedure
Congenital_heart_procedure	L022	OPCS4	Ligature of patent ductus arteriosus	0	0	1	0	1	1		0.25	Congenital heart disease procedure
Congenital_heart_procedure	L023	OPCS4	Closure of patent ductus arteriosus NEC	0	0	1	0	1	1		0.25	Congenital heart disease procedure
Congenital_heart_procedure	L024	OPCS4	Revision of correction of patent ductus arteriosus	0	0	1	0	1	1		0.25	Congenital heart disease procedure
Congenital_heart_procedure	L028	OPCS4	Other specified open correction of patent ductus arteriosus	0	0	1	0	1	1		0.25	Congenital heart disease procedure
Congenital_heart_procedure	L029	OPCS4	Unspecified open correction of patent ductus arteriosus	0	0	1	0	1	1		0.25	Congenital heart disease procedure
Congenital_heart_procedure	L031	OPCS4	Percutaneous transluminal prosthetic occlusion of patent ductus arteriosus	0	0	1	0	1	1		0.25	Congenital heart disease procedure
Congenital_heart_procedure	L051	OPCS4	Creation of shunt to main pulmonary artery from ascending aorta using interposition tube prosthesis	0	0	1	0	1	1		0.25	Congenital heart disease procedure
Congenital_heart_procedure	L052	OPCS4	Creation of shunt to right pulmonary artery from ascending aorta using interposition tube prosthesis	0	0	1	0	1	1		0.25	Congenital heart disease procedure
Congenital_heart_procedure	L053	OPCS4	Creation of shunt to left pulmonary artery from ascending aorta using interposition tube prosthesis	0	0	1	0	1	1		0.25	Congenital heart disease procedure
Congenital_heart_procedure	L054	OPCS4	Percutaneous transluminal balloon dilation of interposition tube prosthesis between pulmonary artery and aorta	0	0	1	0	1	1		0.25	Congenital heart disease procedure
Congenital_heart_procedure	L058	OPCS4	Other specified creation of shunt to pulmonary artery from aorta using interposition tube prosthesis	0	0	1	0	1	1		0.25	Congenital heart disease procedure
Congenital_heart_procedure	L059	OPCS4	Unspecified creation of shunt to pulmonary artery from aorta using interposition tube prosthesis	0	0	1	0	1	1		0.25	Congenital heart disease procedure
Congenital_heart_procedure	L061	OPCS4	Creation of aortopulmonary window	0	0	1	0	1	1		0.25	Congenital heart disease procedure
Congenital_heart_procedure	L062	OPCS4	Creation of anastomosis to main pulmonary artery from ascending aorta NEC	0	0	1	0	1	1		0.25	Congenital heart disease procedure
Congenital_heart_procedure	L063	OPCS4	Creation of anastomosis to right pulmonary artery from ascending aorta NEC	0	0	1	0	1	1		0.25	Congenital heart disease procedure
Congenital_heart_procedure	L064	OPCS4	Creation of anastomosis to left pulmonary artery from descending aorta NEC	0	0	1	0	1	1		0.25	Congenital heart disease procedure
Congenital_heart_procedure	L065	OPCS4	Creation of anastomosis to pulmonary artery from aorta NEC	0	0	1	0	1	1		0.25	Congenital heart disease procedure
Congenital_heart_procedure	L066	OPCS4	Revision of anastomosis to pulmonary artery from aorta	0	0	1	0	1	1		0.25	Congenital heart disease procedure
Congenital_heart_procedure	L067	OPCS4	Takedown of anastomosis to pulmonary artery from aorta	0	0	1	0	1	1		0.25	Congenital heart disease procedure
Congenital_heart_procedure	L068	OPCS4	Other specified other connection to pulmonary artery from aorta	0	0	1	0	1	1		0.25	Congenital heart disease procedure
Congenital_heart_procedure	L069	OPCS4	Unspecified other connection to pulmonary artery from aorta	0	0	1	0	1	1		0.25	Congenital heart disease procedure
Congenital_heart_procedure	L071	OPCS4	Creation of shunt to right pulmonary artery from right subclavian artery using interposition tube prosthesis	0	0	1	0	1	1		0.25	Congenital heart disease procedure
Congenital_heart_procedure	L072	OPCS4	Creation of shunt to left pulmonary artery from left subclavian artery using interposition tube prosthesis	0	0	1	0	1	1		0.25	Congenital heart disease procedure
Congenital_heart_procedure	L073	OPCS4	Closure of prosthetic shunt to pulmonary artery from subclavian artery	0	0	1	0	1	1		0.25	Congenital heart disease procedure
Congenital_heart_procedure	L074	OPCS4	Percutaneous transluminal balloon dilation of interposition tube prosthesis between pulmonary artery and subclavian artery	0	0	1	0	1	1		0.25	Congenital heart disease procedure
Congenital_heart_procedure	L075	OPCS4	Percutaneous transluminal occlusion of interposition tube prosthesis between pulmonary artery and subclavian artery	0	0	1	0	1	1		0.25	Congenital heart disease procedure
Congenital_heart_procedure	L078	OPCS4	Other specified creation of shunt to pulmonary artery from subclavian artery using interposition tube prosthesis	0	0	1	0	1	1		0.25	Congenital heart disease procedure
Congenital_heart_procedure	L079	OPCS4	Unspecified creation of shunt to pulmonary artery from subclavian artery using interposition tube prosthesis	0	0	1	0	1	1		0.25	Congenital heart disease procedure
Congenital_heart_procedure	L081	OPCS4	Creation of anastomosis to right pulmonary artery from right subclavian artery NEC	0	0	1	0	1	1		0.25	Congenital heart disease procedure
Congenital_heart_procedure	L082	OPCS4	Creation of anastomosis to left pulmonary artery from left subclavian artery NEC	0	0	1	0	1	1		0.25	Congenital heart disease procedure
Congenital_heart_procedure	L083	OPCS4	Creation of anastomosis to pulmonary artery from subclavian artery NEC	0	0	1	0	1	1		0.25	Congenital heart disease procedure
Congenital_heart_procedure	L084	OPCS4	Revision of anastomosis to pulmonary artery from subclavian artery	0	0	1	0	1	1		0.25	Congenital heart disease procedure
Congenital_heart_procedure	L086	OPCS4	Percutaneous transluminal balloon dilation of anastomosis between pulmonary artery and subclavian artery	0	0	1	0	1	1		0.25	Congenital heart disease procedure
Congenital_heart_procedure	L087	OPCS4	Percutaneous transluminal occlusion of anastomosis between pulmonary artery and subclavian artery	0	0	1	0	1	1		0.25	Congenital heart disease procedure
Congenital_heart_procedure	L088	OPCS4	Other specified other connection to pulmonary artery from subclavian artery	0	0	1	0	1	1		0.25	Congenital heart disease procedure
Congenital_heart_procedure	L089	OPCS4	Unspecified other connection to pulmonary artery from subclavian artery	0	0	1	0	1	1		0.25	Congenital heart disease procedure
Congenital_heart_procedure	L091	OPCS4	Creation of anastomosis to pulmonary artery from vena cava	0	0	1	0	1	1		0.25	Congenital heart disease procedure
Congenital_heart_procedure	L092	OPCS4	Removal of anastomosis between pulmonary artery and vena cava	0	0	1	0	1	1		0.25	Congenital heart disease procedure
Congenital_heart_procedure	L098	OPCS4	Other specified other connection to pulmonary artery	0	0	1	0	1	1		0.25	Congenital heart disease procedure
Congenital_heart_procedure	L099	OPCS4	Unspecified other connection to pulmonary artery	0	0	1	0	1	1		0.25	Congenital heart disease procedure
Congenital_heart_procedure	3541	ICD9_procedures	Enlargement of existing atrial septal defect	0	0	1	0	1	1		0.25	Congenital heart disease procedure
Congenital_heart_procedure	3581	ICD9_procedures	Total repair of tetralogy of fallot	0	0	1	0	1	1		0.25	Congenital heart disease procedure
Congenital_heart_procedure	3583	ICD9_procedures	Total repair of truncus arteriosus	0	0	1	0	1	1		0.25	Congenital heart disease procedure
